标题,url,已更新章节数,更新频率（天）,读者数,评论数,最后更新时间,作品类型,总评分,别名（中文名）,标签,作者,平台,是否翻译完成
Outrageous,https://www.novelupdates.com/series/outrageous/,61,1.2,868,15,04-30-2023,"['Comedy', 'Drama', 'Romance', 'Yuri']",4.3,离谱,"['Acting', 'Beautiful Female Lead', 'Caring Protagonist', 'Celebrities', 'Clingy Lover', 'Devoted Love Interests', 'Female Protagonist', 'Loneliness', 'Love Interest Falls in Love First', 'Modern Day', 'Popular Love Interests', 'Showbiz', 'System Administrator', 'Tragic Past', 'Transmigration', 'Wealthy Characters']",热到昏厥,jjwxc,No
Blame The Villain For Being Too Beautiful,https://www.novelupdates.com/series/blame-the-villain-for-being-too-beautiful/,147,1,553,6,04-29-2023,"['Fantasy', 'Tragedy', 'Yuri']",3.9,只怪反派太貌美[快穿],"['Hard-Working Protagonist', 'Love Interest Falls in Love First', 'Naive Protagonist', 'System Administrator', 'Transmigration', 'World Hopping']",予渔,jjwxc,No
To Travel by the Edge of a Creek,https://www.novelupdates.com/series/to-travel-by-the-edge-of-a-creek/,52,14.1,398,1,04-29-2023,"['Historical', 'Martial Arts', 'Yuri']",4.1,缘溪行,"['Ancient China', 'Cultivation', 'Daoism', 'Enemies Become Lovers', 'Friends Become Enemies', 'Love at First Sight', 'Naive Protagonist', 'Older Love Interests', 'Reversible Couple']",穆鱼,Chang Pei (gongzicp),No
Forbidden To Be Tempted,https://www.novelupdates.com/series/forbidden-to-be-tempted/,42,1,165,4,04-29-2023,"['Drama', 'Romance', 'Shoujo Ai', 'Yuri']",3.8,禁止动心,"['Beautiful Female Lead', 'Contracts', 'Manipulative Characters', 'Modern Day', 'Older Love Interests', 'Past Trauma', 'Sadistic Characters', 'Second Chance', 'Stalkers']",璟梧,jjwxc,No
Pat Me Please,https://www.novelupdates.com/series/pat-me-please/,47,1,162,0,04-30-2023,"['Fantasy', 'Romance', 'Yuri']",4.2,帮我拍拍,"['Female Protagonist', 'Love Triangles', 'Lovers Reunited', 'Modern Day', 'Time Travel', 'Voice Actors', 'Writers']",七小皇叔,Chang Pei (gongzicp),No
"On the Wedding Night, Ms. Cui Realized",https://www.novelupdates.com/series/on-the-wedding-night-ms-cui-realized/,26,4.5,526,2,04-29-2023,"['Drama', 'Fantasy', 'Romance', 'Yuri']",4.5,新婚夜，崔小姐悟了,"['Ancient China', 'Blind Protagonist', 'Cross-dressing', 'Marriage', 'Reincarnation', 'Second Chance']",三月春光不老,jjwxc,No
Little Cannon Fodder is Really Panicking [Quick Transmigration],https://www.novelupdates.com/series/little-cannon-fodder-is-really-panicking-quick-transmigration/,10,2.5,171,0,04-29-2023,"['Comedy', 'Fantasy', 'Horror', 'Mystery', 'Romance', 'Shoujo Ai', 'Yuri']",4.2,小炮灰真的好慌[快穿],"['Calm Protagonist', 'Clever Protagonist', 'Cold Love Interests', 'Murders', 'Mystery Solving', 'Serial Killers', 'Smart Couple', 'Survival', 'System Administrator', 'Transmigration', 'World Hopping', 'World Travel']",千觅荷,jjwxc,No
The Princess’ Shadow Guard Cannot Be Too Clever,https://www.novelupdates.com/series/the-princess-shadow-guard-cannot-be-too-clever/,68,1,518,2,04-29-2023,"['Historical', 'Romance', 'Yuri']",4,郡主的暗卫不能太聪明,"['Different Social Status', 'Disabilities', 'Female Protagonist', 'Master-Servant Relationship', 'Misunderstandings', 'Possessive Characters', 'Yandere']",森林长春,jjwxc,No
I Became a Witch in a World Full of Urban Legends,https://www.novelupdates.com/series/i-became-a-witch-in-a-world-full-of-urban-legends/,31,2.3,542,2,04-28-2023,"['Action', 'Comedy', 'Fantasy', 'Gender Bender', 'Supernatural', 'Yuri']",4.1,在充满怪谈的世界里成为魔女,"['Adapted to Manhua', 'Female Protagonist', 'Ghosts', 'Hiding True Abilities', 'Hiding True Identity', 'Male Protagonist', 'Male to Female', 'Misunderstandings', 'Modern Day', 'Psychic Powers', 'Thriller']",吃土的书语,SFACG,No
There Are Always Teachers Who Want To Ask Out Parents,https://www.novelupdates.com/series/there-are-always-teachers-who-want-to-ask-out-parents/,74,1.1,284,2,04-28-2023,"['Drama', 'Josei', 'Romance', 'Shoujo Ai', 'Yuri']",3.9,总有老师要请家长,"['Beautiful Female Lead', 'Childcare', 'Clingy Lover', 'Modern Day', 'Older Love Interests', 'Shy Characters', 'Single Parent', 'Slow Romance', 'Stalkers', 'Teachers']",璟梧,jjwxc,No
My Princess Has Been Reborn,https://www.novelupdates.com/series/my-princess-has-been-reborn/,215,1.3,1800,11,04-28-2023,"['Drama', 'Fantasy', 'Historical', 'Romance', 'Yuri']",4.3,我的公主重生了,"['Absent Parents', 'Ancient China', 'Aristocracy', 'Betrayal', 'Clever Protagonist', 'Cohabitation', 'Couple Growth', 'Court Official', 'Cross-dressing', 'Death', 'Devoted Love Interests', 'Doting Older Siblings', 'Doting Parents', 'Engagement', 'Female Protagonist', 'First Love', 'Hiding True Identity', 'Love Interest Falls in Love First', 'Lovers Reunited', 'Multiple Identities', 'Multiple POV', 'Multiple Reincarnated Individuals', 'Multiple Timelines', 'Murders', 'Mystery Solving', 'Orphans', 'Persistent Love Interests', 'Possessive Characters', 'Power Couple', 'Reincarnation', 'Reversible Couple', 'Royalty', 'Secrets', 'Sibling Rivalry', 'Siblings', 'Smart Couple', 'Twins', 'Wars', 'Wealthy Characters']",或许有一天,jjwxc,No
The Male Lead’s Backyard is on Fire,https://www.novelupdates.com/series/the-male-leads-backyard-is-on-fire/,100,49.8,2130,15,04-28-2023,"['Drama', 'Fantasy', 'Martial Arts', 'Romance', 'Yuri']",4.4,男主后院着火了,"['Abusive Characters', 'Ancient China', 'Antihero Protagonist', 'Arrogant Characters', 'Beautiful Female Lead', 'Bullying', 'Calm Protagonist', 'Cold Protagonist', 'Devoted Love Interests', 'Divorce', 'Female Protagonist', 'First Love', 'Generals', 'Heartwarming', 'Kind Love Interests', 'Love Interest Falls in Love First', 'Protagonist Strong from the Start', 'Royalty', 'Strong to Stronger', 'Transmigration', 'Unconditional Love', 'Villainess Noble Girls']",七千折戏,jjwxc,No
Love from the Male Protagonist’s Harem,https://www.novelupdates.com/series/love-from-the-male-protagonists-harem/,189,3.4,1211,11,04-28-2023,"['Comedy', 'Drama', 'Historical', 'Romance', 'Xianxia', 'Yuri']",4.4,来自男主后宫的宠爱[穿书],"['Ancient China', 'Beautiful Female Lead', 'Bisexual Protagonist', 'Character Growth', 'Cold Love Interests', 'Corruption', 'Cross-dressing', 'Cruel Characters', 'Dense Protagonist', 'Female Protagonist', 'Flashbacks', 'Kind Love Interests', 'Loneliness', 'Love Interest Falls in Love First', 'Mysterious Past', 'Non-linear Storytelling', 'Past Plays a Big Role', 'Possessive Characters', 'Schemes And Conspiracies', 'Secret Identity', 'Shameless Protagonist', 'Slow Romance', 'Strong Love Interests', 'Yandere']",楚柒墨,jjwxc,No
What Should I Do if My Younger Brother’s Crush Has Taken a Liking to Me?,https://www.novelupdates.com/series/what-should-i-do-if-my-younger-brothers-crush-has-taken-a-liking-to-me/,20,2.9,312,4,04-24-2023,"['Romance', 'School Life', 'Slice of Life', 'Yuri']",4.7,被我弟的女神看上了怎么办,"['Beautiful Female Lead', 'Love Interest Falls in Love First', 'Misunderstandings', 'Modern Day', 'Siblings']",金夜无眠,jjwxc,No
Considering the Possibility of Falling in Love With the Villain,https://www.novelupdates.com/series/considering-the-possibility-of-falling-in-love-with-the-villain/,42,14,1949,3,04-29-2023,"['Romance', 'Supernatural', 'Yuri']",4.2,论与魔王恋爱的可能性,"['Apocalypse', 'Beautiful Female Lead', 'Calm Protagonist', 'Love Interest Falls in Love First', 'Modern Day', 'Second Chance', 'Strong Love Interests', 'Survival', 'Yandere', 'Zombies']",白骨合,jjwxc,No
Reborn as a Transcendent,https://www.novelupdates.com/series/reborn-as-a-transcendent/,405,3.4,2210,24,04-28-2023,"['Action', 'Adventure', 'Fantasy', 'Gender Bender', 'Harem', 'Shoujo Ai', 'Xuanhuan', 'Yuri']",3.4,我转生就超神,"['Adapted to Manhua', 'Arrogant Characters', 'Beautiful Female Lead', 'Cultivation', 'Fearless Protagonist', 'Handsome Male Lead', 'Level System', 'Loyal Subordinates', 'Lucky Protagonist', 'Male to Female', 'MMORPG', 'Modern Day', 'Money Grubber', 'Nationalism', 'Overpowered Protagonist', 'Racism', 'Reincarnation', 'Ruthless Protagonist', 'Second Chance', 'Strong to Stronger', 'Sudden Strength Gain', 'Virtual Reality', 'Wealthy Characters']",疯花,SFACG,No
My CP Rumor With The Movie Queen Has Gone Viral,https://www.novelupdates.com/series/my-cp-rumor-with-the-movie-queen-has-gone-viral/,20,1,264,0,04-24-2023,"['Comedy', 'Romance', 'Shoujo Ai', 'Yuri']",4.9,我的影后绯间cp掉马了,"['Acting', 'Beautiful Female Lead', 'Modern Day', 'Older Love Interests', 'Showbiz']",辞旧迎卿,jjwxc,No
The Eldest Martial Sister Gave Up Treatment,https://www.novelupdates.com/series/the-eldest-martial-sister-gave-up-treatment/,197,1.3,1741,10,04-27-2023,"['Comedy', 'Drama', 'Ecchi', 'Harem', 'Xuanhuan', 'Yuri']",4.3,大师姐弃疗了,"['Beautiful Female Lead', 'Comedic Undertone', 'Cultivation', 'Fantasy World', 'Fast Cultivation', 'Female Master', 'Female Protagonist', 'Game Ranking System', 'Love Interest Falls in Love First', 'Martial Spirits', 'Misunderstandings', 'Reincarnation', 'Romantic Subplot', 'Strong to Stronger', 'System Administrator', 'Unique Cultivation Technique', 'Villainess Noble Girls', 'Weak Protagonist', 'Weak to Strong']",三杯半可乐,Ciweimao,No
School Heroine Secretly Loves Me,https://www.novelupdates.com/series/school-heroine-secretly-loves-me/,75,4.1,619,1,04-25-2023,"['Drama', 'Fantasy', 'Romance', 'School Life', 'Shoujo Ai', 'Tragedy', 'Yuri']",4.1,校花女主暗恋我,"['Beautiful Female Lead', 'Businessmen', 'Celebrities', 'Clever Protagonist', 'Clingy Lover', 'Death', 'Devoted Love Interests', 'Hard-Working Protagonist', 'Kind Love Interests', 'Love Interest Falls in Love First', 'Modern Day', 'Popular Love Interests', 'Possessive Characters', 'System Administrator', 'Transmigration', 'Unconditional Love', 'Wealthy Characters']",['EZlZed'],jjwxc,No
"Please Bully Me, Miss Villainess!",https://www.novelupdates.com/series/please-bully-me-miss-villainess/,43,14.4,776,1,04-25-2023,"['Comedy', 'Drama', 'Fantasy', 'Romance', 'School Life', 'Yuri']",4.1,请欺负我吧，恶役小姐！,"['Academy', 'Adapted to Manhua', 'Beautiful Female Lead', 'Fantasy World', 'Female Protagonist', 'Love Interest Falls in Love First', 'Magic', 'Nobles', 'Otome Game', 'Reincarnated in a Game World', 'Reincarnated in Another World', 'Reincarnation', 'Transmigration', 'Tsundere', 'Villainess Noble Girls']",赤色陷阱,Ciweimao,No
Give Me Another Smile,https://www.novelupdates.com/series/give-me-another-smile/,147,3.1,530,2,04-26-2023,"['Drama', 'Fantasy', 'Romance', 'Yuri']",3.8,再笑一个呗,"['Childhood Friends', 'Female Protagonist', 'Modern Day', 'Reincarnation', 'Second Chance', 'Time Skip']",千皈依,Shubl,No
Accidentally Pregnant With The Boss’s Child GL,https://www.novelupdates.com/series/accidentally-pregnant-with-the-bosss-child-gl/,4,1.8,126,0,04-26-2023,"['Drama', 'Romance', 'Yuri']",4.6,不小心怀了上司的孩子gl,"['Beautiful Female Lead', 'Boss-Subordinate Relationship', 'Devoted Love Interests', 'Doting Love Interests', 'First Love', 'Love Interest Falls in Love First', 'Office Romance', 'Pregnancy', 'Wealthy Characters']",柿原纯,jjwxc,No
Demon Sword Maiden,https://www.novelupdates.com/series/demon-sword-maiden/,827,1.8,4707,40,04-25-2023,"['Action', 'Ecchi', 'Fantasy', 'Gender Bender', 'Mystery', 'Shoujo Ai', 'Yuri']",4,妖刀姬,"['Amnesia', 'Ancient Times', 'Beautiful Female Lead', 'Cultivation', 'Demon Lord', 'Demons', 'Devoted Love Interests', 'Familiars', 'Famous Protagonist', 'Female Protagonist', 'Ghosts', 'God Protagonist', 'Gods', 'Gore', 'Loli', 'Male to Female', 'Master-Disciple Relationship', 'Master-Servant Relationship', 'Monsters', 'Mythology', 'Near-Death Experience', 'Onmyouji', 'Poor to Rich', 'Possessive Characters', 'Reincarnated in Another World', 'Reincarnation', 'Schemes And Conspiracies', 'Shikigami', 'Soul Power', 'Souls', 'Strong Love Interests', 'Strong to Stronger', 'Sudden Strength Gain', 'Sword Wielder', 'Time Manipulation', 'Transported to Another World', 'Tsundere', 'Weak to Strong', 'Yandere']",罗将神,SFACG,No
"On the Day I Ascended the Throne, I Found Out That I Was the Villain",https://www.novelupdates.com/series/on-the-day-i-ascended-the-throne-i-found-out-that-i-was-the-villain/,62,3.9,468,4,04-28-2023,"['Fantasy', 'Historical', 'Shoujo Ai', 'Yuri']",3.9,登基的那天朕发现自己是反派,"['Abandoned Children', 'Ancient Times', 'Beautiful Female Lead', 'Chat Rooms', 'Empires', 'Kingdom Building', 'Omegaverse']",晓梦致幻生,jjwxc,No
"Even If I’m Reborn as a Cute Dragon Girl, I Will Still Make a Harem",https://www.novelupdates.com/series/even-if-im-reborn-as-a-cute-dragon-girl-i-will-still-make-a-harem/,416,3.5,3346,27,04-27-2023,"['Adventure', 'Comedy', 'Fantasy', 'Gender Bender', 'Harem', 'School Life', 'Shoujo Ai', 'Yuri']",3.3,就算穿越成龙族萝莉吾也要开后宫,"['Age Progression', 'Age Regression', 'Appearance Changes', 'Appearance Different from Actual Age', 'Beautiful Female Lead', 'Child Protagonist', 'Chuunibyou', 'Curses', 'Doting Parents', 'Dragons', 'Eye Powers', 'Female Master', 'Female Protagonist', 'Goddesses', 'Loli', 'Male to Female', 'Overpowered Protagonist', 'Protagonist Strong from the Start', 'Race Change', 'Reincarnated in Another World', 'Royalty', 'Soul Power', 'Souls', 'Strong to Stronger']",子与我非鱼,SFACG,No
After the Soft Sister Differentiated Into A,https://www.novelupdates.com/series/after-the-soft-sister-differentiated-into-a/,33,20.8,828,9,04-10-2023,"['Comedy', 'Romance', 'School Life', 'Yuri']",4.1,软妹分化成A之后,"['Dense Protagonist', 'Enemies Become Lovers', 'Omegaverse', 'Rivalry']",金夜无眠,jjwxc,No
I Woke up to Find I Have a Child,https://www.novelupdates.com/series/i-woke-up-to-find-i-have-a-child/,59,20.4,1058,6,04-10-2023,"['Drama', 'Romance', 'Yuri']",4.5,一觉醒来我有娃了[娱乐圈],"['Acting', 'Amnesia', 'Beautiful Female Lead', 'Cute Children', 'Kidnappings', 'Marriage', 'Misunderstandings', 'Modern Day', 'Past Plays a Big Role', 'Past Trauma', 'Pregnancy', 'Second Chance', 'Slow Romance']",思镜渠,jjwxc,No
Me & Villainess’s CP Exploded In The Entertainment Circle,https://www.novelupdates.com/series/me-villainesss-cp-exploded-in-the-entertainment-circle/,25,5.9,506,3,04-22-2023,"['Comedy', 'Fantasy', 'Slice of Life', 'Yuri']",4.3,和女配的cp爆红娱乐圈[穿书],"['Beautiful Female Lead', 'Female Protagonist', 'Modern Day', 'Showbiz', 'Transmigration']",爱吃甜桔,jjwxc,No
Cypress Boat,https://www.novelupdates.com/series/cypress-boat/,3,9.7,78,0,04-08-2023,"['Drama', 'Psychological', 'Romance', 'Shoujo Ai', 'Yuri']",5,Кипарисовый челнок,"['Artists', 'Childhood Love', 'Cohabitation', 'Death of Loved Ones', 'Time Loop']",若花辞树,jjwxc,No
I Am More Paranoid Than The Villainess,https://www.novelupdates.com/series/i-am-more-paranoid-than-the-villainess/,25,14.1,752,3,04-11-2023,"['Comedy', 'Drama', 'Fantasy', 'Mature', 'School Life', 'Slice of Life', 'Yuri']",4,我比反派更偏执[穿书],"['Beautiful Female Lead', 'Calm Protagonist', 'Clever Protagonist', 'Cold Protagonist', 'Confident Protagonist', 'Enemies Become Lovers', 'Poor to Rich', 'Protagonist Falls in Love First', 'Time Skip', 'Transmigration', 'Tsundere', 'Yandere']",妘染,jjwxc,No
The Witch Nichang,https://www.novelupdates.com/series/the-witch-nichang/,76,14.3,1692,8,04-08-2023,"['Action', 'Drama', 'Martial Arts', 'Romance', 'Slice of Life', 'Wuxia', 'Yuri']",4.4,魔女霓裳,"['Abandoned Children', 'Absent Parents', 'Adopted Children', 'Age Progression', 'Ancient China', 'Beautiful Female Lead', 'Calm Protagonist', 'Caring Protagonist', 'Character Growth', 'Clever Protagonist', 'Couple Growth', 'Devoted Love Interests', 'Fanfiction', 'Hard-Working Protagonist', 'Selfless Protagonist', 'Slow Romance', 'Smart Couple', 'Transmigration', 'Unconditional Love']",八千岁,jjwxc,No
The Vicious Supporting Female Character And The White Lotus Female Lead,https://www.novelupdates.com/series/the-vicious-supporting-female-character-and-the-white-lotus-female-lead/,314,3.2,2756,21,04-14-2023,"['Completed', 'Adventure', 'Comedy', 'Drama', 'Fantasy', 'Romance', 'School Life', 'Yuri']",4.5,恶毒女配与白莲花［快穿］,"['Acting', 'Beautiful Female Lead', 'Calm Protagonist', 'Clever Protagonist', 'Dense Protagonist', 'Episodic', 'Famous Protagonist', 'Female Protagonist', 'First Love', 'Friendship', 'Heartwarming', 'Interdimensional Travel', 'Kind Love Interests', 'Love Interest Falls in Love First', 'Modern Day', 'Multiple Realms', 'Quiet Characters', 'Shy Characters', 'Strong Love Interests', 'Strong to Stronger', 'System Administrator', 'Transmigration', 'Unconditional Love', 'Villainess Noble Girls', 'Wealthy Characters', 'World Hopping', 'World Travel']",戈云栖,jjwxc,Yes
"Mistress, I Was Wrong",https://www.novelupdates.com/series/mistress-i-was-wrong/,280,8.5,3970,26,04-16-2023,"['Adventure', 'Comedy', 'Fantasy', 'Romance', 'Xuanhuan', 'Yuri']",4.3,女主大人，我错了,"['Academy', 'Alchemy', 'Ancient Times', 'Beast Companions', 'Beasts', 'Beautiful Female Lead', 'Caring Protagonist', 'Character Growth', 'Cold Love Interests', 'Cultivation', 'Cute Protagonist', 'Demonic Cultivation Technique', 'Determined Protagonist', 'Devoted Love Interests', 'Doting Love Interests', 'Female Protagonist', 'Genius Protagonist', 'Hard-Working Protagonist', 'Heartwarming', 'Jealousy', 'Love Interest Falls in Love First', 'Magic', 'Magical Space', 'Mob Protagonist', 'Multiple Reincarnated Individuals', 'Mysterious Family Background', 'Persistent Love Interests', 'Pets', 'Pill Concocting', 'Possessive Characters', 'R*pe', 'Special Abilities', 'Straight Uke', 'Strong Love Interests', 'Transmigration', 'Unconditional Love', 'Villainess Noble Girls']",雁过吾痕,jjwxc,No
The Goddess and the Ugly Duckling,https://www.novelupdates.com/series/the-goddess-and-the-ugly-duckling/,42,14.8,411,4,01-28-2023,"['Romance', 'School Life', 'Shoujo Ai', 'Yuri']",3.6,女神与丑小鸭,"['Doting Love Interests', 'Female Protagonist', 'Popular Love Interests', 'Ugly Protagonist']",['Leonie'],jjwxc,No
Middle-aged Love Patch,https://www.novelupdates.com/series/middle-aged-love-patch/,21,40.7,348,2,02-04-2023,"['Fantasy', 'Romance', 'Sci-fi', 'Yuri']",4.3,中年恋爱补丁,"['Adapted to Manhua', 'Beautiful Female Lead', 'Divorce', 'Futuristic Setting', 'Game Elements', 'Love Interest Falls in Love First', 'Power Couple', 'Younger Love Interests']",宁远,jjwxc,No
Running Away Hand in Hand with the Second Female Lead,https://www.novelupdates.com/series/running-away-hand-in-hand-with-the-second-female-lead/,72,17.8,2247,12,04-20-2023,"['Comedy', 'Romance', 'School Life', 'Yuri']",4.6,和女二手拉手跑了[穿书],"['Beautiful Female Lead', 'Devoted Love Interests', 'Doting Parents', 'Female Protagonist', 'Modern Day', 'Protagonist Falls in Love First', 'Transmigration']",成逆,jjwxc,No
Purely by Accident,https://www.novelupdates.com/series/purely-by-accident/,20,38.2,712,7,02-20-2023,"['Comedy', 'Drama', 'Historical', 'Romance', 'Yuri']",4.5,纯属意外,"['Adapted to Drama CD', 'Ancient Times', 'Beautiful Female Lead', 'Cross-dressing', 'Doting Love Interests', 'Hiding True Identity', 'Marriage', 'Royalty']",冷千山,jjwxc,No
For The Rest of Our Life,https://www.novelupdates.com/series/for-the-rest-of-our-life/,54,53.4,871,9,02-22-2023,"['Drama', 'Romance', 'School Life', 'Slice of Life', 'Yuri']",4.2,余生为期,"['Beautiful Female Lead', 'Character Growth', 'Childhood Love', 'Childhood Promise', 'College/University', 'Confident Protagonist', 'Determined Protagonist', 'Devoted Love Interests', 'Doting Parents', 'Famous Protagonist', 'Female Protagonist', 'First Love', 'Hard-Working Protagonist', 'Heartwarming', 'Love at First Sight', 'Modern Day', 'Older Love Interests', 'Protagonist Falls in Love First', 'Unconditional Love', 'Unrequited Love', 'Writers']",['Min Ran'],jjwxc,No
Adjacent Street,https://www.novelupdates.com/series/adjacent-street/,1,52,69,0,03-09-2023,"['Romance', 'Yuri']",3.7,邻街gl,"['Cute Protagonist', 'Love at First Sight']",黎和里,jjwxc,No
The Harem Rescue Project,https://www.novelupdates.com/series/the-harem-rescue-project/,19,45,868,9,03-16-2023,"['Action', 'Drama', 'Harem', 'Martial Arts', 'Romance', 'Xianxia', 'Yuri']",4.3,后宫拯救计划［穿书］,"['Appearance Changes', 'Beautiful Female Lead', 'Demonic Cultivation Technique', 'Female Protagonist', 'Love Interest Falls in Love First', 'Master-Disciple Relationship', 'Persistent Love Interests', 'Strong Love Interests', 'System Administrator', 'Transmigration', 'Yandere']",北城墨景,jjwxc,No
"Villainess, I’ll Pamper You",https://www.novelupdates.com/series/villainess-ill-pamper-you/,55,24.5,2233,18,03-23-2023,"['Drama', 'Fantasy', 'Romance', 'School Life', 'Slice of Life', 'Yuri']",4.5,女配，我来宠[快穿],"['Amnesia', 'Ancient China', 'Beautiful Female Lead', 'Bullying', 'Calm Protagonist', 'Character Growth', 'Clever Protagonist', 'Cold Protagonist', 'Devoted Love Interests', 'Episodic', 'Female Protagonist', 'Glasses-wearing Protagonist', 'Interdimensional Travel', 'Jealousy', 'Love Interest Falls in Love First', 'Marriage', 'Mob Protagonist', 'Modern Day', 'Multiple Realms', 'Non-humanoid Protagonist', 'Overpowered Protagonist', 'Protagonist Strong from the Start', 'Ruthless Protagonist', 'System Administrator', 'Transmigration', 'Villainess Noble Girls', 'Wealthy Characters', 'World Hopping', 'World Travel']",千觅荷,jjwxc,No
Thawing the Glacier,https://www.novelupdates.com/series/thawing-the-glacier/,1,35,78,0,03-26-2023,"['Romance', 'Slice of Life', 'Yuri']",5,冰川渐暖,"['Beautiful Female Lead', 'Cold Protagonist', 'College/University']",秦淮洲,jjwxc,No
Back When My Wife Was a Teenager,https://www.novelupdates.com/series/back-when-my-wife-was-a-teenager/,18,25.9,535,5,03-30-2023,"['Romance', 'School Life', 'Yuri']",4.6,回到老婆少年时,"['Child Abuse', 'Delinquents', 'Female Protagonist', 'Modern Day', 'Tsundere']",南和禾一,jjwxc,No
The Time I Found Out the Heroine of a Certain Top Post Was Me,https://www.novelupdates.com/series/the-time-i-found-out-the-heroine-of-a-certain-top-post-was-me/,11,45.3,434,2,12-26-2022,"['Completed', 'Romance', 'School Life', 'Yuri']",4.4,当我发现某贴吧高楼的女主是自己时,"['Charming Protagonist', 'College/University', 'Protagonist Falls in Love First', 'Secret Crush', 'Short Story']",一只花夹子,jjwxc,Yes
The Jealous CEO Treats Me Hypocritically,https://www.novelupdates.com/series/the-jealous-ceo-treats-me-hypocritically/,38,18.6,869,7,12-29-2022,"['Comedy', 'Drama', 'Romance', 'Supernatural', 'Yuri']",4.3,醋精总裁她对我真香了,"['Dense Protagonist', 'Female Protagonist', 'Hard-Working Protagonist', 'Modern Day', 'Money Grubber', 'Mystery Solving', 'Slow Romance', 'Transmigration', 'Tsundere']",久久呀,jjwxc,No
Fascination,https://www.novelupdates.com/series/fascination/,4,31,185,0,12-29-2022,"['Drama', 'Romance', 'Yuri']",4.1,入迷,"['Beautiful Female Lead', 'Boss-Subordinate Relationship', 'Modern Day', 'Wealthy Characters']",清汤涮香菜,jjwxc,No
Wedding Pet,https://www.novelupdates.com/series/wedding-pet/,18,72.7,588,2,01-02-2023,"['Drama', 'Romance', 'Yuri']",3.9,婚宠(GL),"['Devoted Love Interests', 'Doting Love Interests', 'Famous Parents', 'Heartwarming', 'Love Interest Falls in Love First', 'Modern Day', 'Parent Complex', 'Persistent Love Interests', 'Poor to Rich']",安否安否,jjwxc,No
Overturned Water,https://www.novelupdates.com/series/overturned-water/,2,61.5,86,0,01-06-2023,"['Drama', 'Romance', 'Yuri']",3.3,覆水,"['Beautiful Female Lead', 'Black Belly', 'Cold Love Interests', 'Death of Loved Ones', 'Divorce', 'Doting Love Interests', 'Doting Parents', 'Family Business', 'Love Interest Falls in Love First', 'Singers', 'Single Parent', 'Suicides']",宁远,jjwxc,No
She is the Third Kind of Stunning,https://www.novelupdates.com/series/she-is-the-third-kind-of-stunning/,3,33.7,134,2,01-19-2023,"['Drama', 'Romance', 'Yuri']",4.6,她是第三种绝色,[],天在水,jjwxc,No
The Resolute Cannon Fodder Teaching In Ancient Time,https://www.novelupdates.com/series/the-resolute-cannon-fodder-teaching-in-ancient-time/,14,112.2,832,2,01-26-2023,"['Comedy', 'Drama', 'Fantasy', 'Romance', 'Slice of Life', 'Yuri']",4.1,坚强的炮灰在古代教书,"['Ancient Times', 'Beautiful Female Lead', 'Farming', 'Hard-Working Protagonist', 'Politics', 'Poor Protagonist', 'Slow Romance', 'Transmigration']",凤啊凤,jjwxc,No
Mortal Enemy Dressed as the Apex Baby,https://www.novelupdates.com/series/mortal-enemy-dressed-as-the-apex-baby__trashed-503/,9,25.6,210,1,12-24-2022,"['Drama', 'Fantasy', 'Romance', 'Shoujo Ai', 'Yuri']",4.6,穿成死敌的心尖小宝贝,"['Beautiful Female Lead', 'Body Swap', 'Business Management', 'Charismatic Protagonist', 'Clever Protagonist', 'Clingy Lover', 'Devoted Love Interests', 'Doting Love Interests', 'Genius Protagonist', 'Loner Protagonist', 'Mature Protagonist', 'Modern Day', 'Obsessive Love', 'Protagonist Falls in Love First', 'Shy Characters', 'Transmigration', 'Tsundere', 'Unconditional Love']",南云北去,jjwxc,No
Second Hand Love Letter,https://www.novelupdates.com/series/second-hand-love-letter-2/,91,16.6,496,2,09-24-2022,"['Completed', 'Drama', 'Romance', 'Shoujo Ai', 'Yuri']",3.5,二手情书,['Beautiful Female Lead'],鸽子不会咕咕咕,jjwxc,Yes
The Self-cultivation After Becoming a Villain Girl,https://www.novelupdates.com/series/the-self-cultivation-after-becoming-a-villain-girl/,10,27.4,307,0,08-30-2022,"['Action', 'Fantasy', 'Gender Bender', 'Harem', 'School Life', 'Yuri']",4.2,变身反派少女后的自我修养,"['Complex Family Relationships', 'Cultivation', 'Demi-Humans', 'Demons', 'Dragons', 'Family Conflict', 'Fantasy World', 'Female Protagonist', 'Game Elements', 'Love Interest Falls in Love First', 'Male to Female', 'Mob Protagonist', 'Modern Day', 'Pets', 'Reincarnated in a Game World', ""Sibling's Care"", 'System Administrator', 'Transmigration']",南笙的鱼,SFACG,No
Spoil Your Wife Like Your Life Depends On It,https://www.novelupdates.com/series/spoil-your-wife-like-your-life-depends-on-it/,75,19.5,805,4,08-09-2022,"['Completed', 'Romance', 'Yuri']",4.1,宠妻如命,"['Acting', 'Beautiful Female Lead', 'Childhood Friends', 'Devoted Love Interests', 'First Love', 'Love Interest Falls in Love First', 'Modern Day']",魅骨,jjwxc,Yes
The Silent Cherry And Plum Blossoms,https://www.novelupdates.com/series/the-silent-cherry-and-plum-blossoms/,1,210,135,1,10-02-2022,"['Drama', 'Mature', 'Romance', 'Tragedy', 'Yuri']",4.7,桃李不言gl,"['Death of Loved Ones', 'Depression', 'Devoted Love Interests', 'Different Social Status', 'Orphans']",一盏夜灯,jjwxc,No
The Villains Need to Save the World?,https://www.novelupdates.com/series/the-villains-need-to-save-the-world/,555,24.7,4570,30,08-21-2022,"['Adventure', 'Ecchi', 'Fantasy', 'Gender Bender', 'Harem', 'Romance', 'School Life', 'Sci-fi', 'Supernatural', 'Yuri']",3.8,反派需要拯救世界么？,"['Antihero Protagonist', 'BDSM', 'Beautiful Female Lead', 'Blackmail', 'Cheats', 'Demon Lord', 'Dragons', 'Female Protagonist', 'God Protagonist', 'Goddesses', 'Godly Powers', 'Gods', 'Harem-seeking Protagonist', 'Hiding True Identity', 'Loli', 'Loyal Subordinates', 'Male to Female', 'Master-Servant Relationship', 'Mind Break', 'Multiple Realms', 'Multiple Reincarnated Individuals', 'Necromancer', 'Overpowered Protagonist', 'Perverted Protagonist', 'Polygamy', 'Protagonist Strong from the Start', 'Reincarnated in Another World', 'Religions', 'R*pe', 'Sadistic Characters', 'S*x S*aves', 'S*ave Harem', 'S*aves', 'Sword And Magic', 'Wars']",观书不语真君子,观书不语真君子,No
A Bookworm’s New Routine,https://www.novelupdates.com/series/a-bookworms-new-routine/,22,19.8,873,0,10-15-2022,"['Comedy', 'Romance', 'School Life', 'Slice of Life', 'Yuri']",3.9,学霸新套路,"['Beautiful Female Lead', 'Bookworm', 'Caring Protagonist', 'Clever Protagonist', 'Complex Family Relationships', 'Couple Growth', 'Devoted Love Interests', 'Female Protagonist', 'Short Story', 'Tomboyish Female Lead']",糖弦,jjwxc,No
Fall In Love With A Substitute,https://www.novelupdates.com/series/fall-in-love-with-a-substitute/,36,22,764,3,11-08-2022,"['Adventure', 'Romance', 'School Life', 'Yuri']",4.3,和替身谈恋爱（GL）,"['Ancient China', 'Beautiful Female Lead', 'Calm Protagonist', 'Caring Protagonist', 'Devoted Love Interests', 'Female Protagonist', 'Modern Day', 'Transmigration', 'World Hopping']",小檀栾,jjwxc,No
"Didn’t Expect That, Did You?",https://www.novelupdates.com/series/didnt-expect-that-did-you/,32,19.7,447,6,12-07-2022,"['Drama', 'Fantasy', 'Romance', 'Yuri']",4.5,没想到吧,"['Acting', 'Beautiful Female Lead', 'Female Protagonist', 'Modern Day', 'Multiple Reincarnated Individuals', 'Reincarnation', 'Second Chance', 'Time Travel']",热到昏厥,jjwxc,No
Cannon Fodder A is about To Cover the Heroine,https://www.novelupdates.com/series/cannon-fodder-a-is-about-to-cover-the-heroine/,12,17.9,502,1,11-17-2022,"['Fantasy', 'Romance', 'Yuri']",4.3,穿书炮灰A就要罩着女主,"['Beautiful Female Lead', 'Calm Protagonist', 'Carefree Protagonist', 'Complex Family Relationships', 'Death of Loved Ones', 'Doting Love Interests', 'Doting Parents', 'Family Business', 'Family Conflict', 'Omegaverse', 'Protagonist Strong from the Start', 'Transmigration', 'Wealthy Characters']",不虚不虚,jjwxc,No
She Wants To Divorce Me,https://www.novelupdates.com/series/she-wants-to-divorce-me/,23,61.6,871,2,12-07-2022,"['Drama', 'Romance', 'Slice of Life', 'Yuri']",4,她要跟我离婚,"['Acting', 'Beautiful Female Lead', 'Divorce', 'Female Protagonist', 'Marriage', 'Misunderstandings', 'Modern Day', 'Second Chance', 'Showbiz', 'Wealthy Characters']",封刃作书,jjwxc,No
Therapy Planet No. 13,https://www.novelupdates.com/series/therapy-planet-no-13/,13,27.7,184,0,12-18-2022,"['Action', 'Mecha', 'Romance', 'Sci-fi', 'Yuri']",3.4,13号治疗星球,"['Calm Protagonist', 'Cold Protagonist', 'Futuristic Setting', 'Military', 'Outer Space', 'Psychic Powers', 'Transformation Ability']",一半山川,jjwxc,No
Female Mad Tyrant Cool,https://www.novelupdates.com/series/female-mad-tyrant-cool/,78,49.5,1731,10,04-28-2022,"['Adventure', 'Comedy', 'Fantasy', 'Historical', 'Romance', 'Yuri']",4.3,女主狂霸酷炫拽,"['Ancient Times', 'Beautiful Female Lead', 'Clingy Lover', 'Cute Protagonist', 'Devoted Love Interests', 'Doting Love Interests', 'Episodic', 'Heartwarming', 'Interdimensional Travel', 'Love Interest Falls in Love First', 'Modern Day', 'Multiple Realms', 'Possessive Characters', 'Strong Love Interests', 'System Administrator', 'Transmigration', 'Tsundere', 'Unconditional Love', 'World Hopping', 'World Travel', 'Yandere']",君汐若,jjwxc,No
My Feelings Can Wait,https://www.novelupdates.com/series/my-feelings-can-wait/,18,62.7,1170,25,04-17-2022,"['Drama', 'Psychological', 'Romance', 'Slice of Life', 'Yuri']",4.7,余情可待[重生],"['Acting', 'Adapted to Drama CD', 'Adapted to Manhua', 'Beautiful Female Lead', 'Calm Protagonist', 'Celebrities', 'Character Growth', 'Devoted Love Interests', 'Famous Protagonist', 'Female Protagonist', 'Misunderstandings', 'Modern Day', 'Reincarnation', 'Second Chance', 'Showbiz', 'Tragic Past', 'Tsundere', 'Unconditional Love']",闵然,jjwxc,No
Miss Cousin is Always Busy,https://www.novelupdates.com/series/miss-cousin-is-always-busy/,269,26.1,1878,23,04-17-2022,"['Completed', 'Comedy', 'Fantasy', 'Romance', 'Slice of Life', 'Yuri']",4.5,表小姐总是很忙[快穿],"['Acting', 'Ancient China', 'Apocalypse', 'Beautiful Female Lead', 'Calm Protagonist', 'Cannibalism', 'Character Growth', 'Charming Protagonist', 'Clever Protagonist', 'College/University', 'Comedic Undertone', 'Couple Growth', 'Cousins', 'Crime', 'Criminals', 'Cruel Characters', 'Cunning Protagonist', 'Detectives', 'Doting Love Interests', 'Female Protagonist', 'Friendship', 'Generals', 'Gore', 'Kind Love Interests', 'Kuudere', 'Love Interest Falls in Love First', 'Love Rivals', 'Modern Day', 'Murders', 'Police', 'Possessive Characters', 'Power Couple', 'Proactive Protagonist', 'Psychopaths', 'Royalty', 'Shounen-Ai Subplot', 'Siblings Not Related by Blood', 'Sister Complex', 'Strong Love Interests', 'Survival', 'Transmigration', 'Unconditional Love', 'World Hopping', 'Yandere', 'Zombies']",小吾君,jjwxc,Yes
Quick Transmigration – Villain Walkthrough,https://www.novelupdates.com/series/quick-transmigration-villain-walkthrough/,68,25.2,1224,4,05-14-2022,"['Adventure', 'Fantasy', 'Romance', 'Yuri']",3.9,[快穿]反派攻略gl,"['Beautiful Female Lead', 'Female Protagonist', 'Interdimensional Travel', 'Modern Day', 'Multiple Realms', 'Revenge', 'System Administrator', 'Transmigration', 'Villainess Noble Girls', 'Wealthy Characters', 'World Hopping', 'World Travel', 'Zombies']",乙纯,jjwxc,No
Universe’s Most Famous Vinegar Goddess,https://www.novelupdates.com/series/universes-most-famous-vinegar-goddess/,12,57.8,355,1,06-08-2022,"['Drama', 'Romance', 'Tragedy', 'Yuri']",4.4,宇宙第一可爱 (PN),"['Acting', 'Adapted to Manhua', 'Beautiful Female Lead', 'Carefree Protagonist', 'Caring Protagonist', 'Charismatic Protagonist', 'Cold Love Interests', 'College/University', 'Complex Family Relationships', 'Cute Protagonist', 'Modern Day', 'Showbiz', 'Tragic Past']",叶涩,jjwxc,No
"Her Mountain, Her Sea",https://www.novelupdates.com/series/her-mountain-her-sea/,85,22.8,561,5,05-29-2022,"['Completed', 'Psychological', 'Romance', 'School Life', 'Yuri']",4.4,她的山她的海,"['Arrogant Characters', 'Beautiful Female Lead', 'Bullying', 'Character Growth', 'Child Abuse', 'Cold Protagonist', 'Complex Family Relationships', 'Couple Growth', 'Cunning Protagonist', 'Family Conflict', 'Female Protagonist', 'First Love', 'Friendship', 'Heartwarming', 'Kind Love Interests', 'Love Interest Falls in Love First', 'Modern Day', 'Past Trauma', 'Roommates', 'Strong Love Interests', 'Unconditional Love']",扶华,jjwxc,Yes
Meeting You Again,https://www.novelupdates.com/series/meeting-you-again/,1,333,110,1,06-01-2022,"['Completed', 'Drama', 'Romance', 'Yuri']",3.3,再相逢,"['Long Separations', 'Lovers Reunited']",['Onion'],jjwxc,Yes
Get to Know Your Ex-Girlfriend,https://www.novelupdates.com/series/get-to-know-your-ex-girlfriend/,30,44.9,959,8,06-27-2022,"['Romance', 'Supernatural', 'Yuri']",4.3,前女友了解一下［快穿］,"['Calm Protagonist', 'Female Protagonist', 'Love Interest Falls in Love First', 'Overpowered Protagonist', 'Power Couple', 'Protagonist Strong from the Start', 'Strong Love Interests', 'System Administrator', 'Torture', 'World Hopping']",小吾君,jjwxc,No
I Picked Up An Ancient Transmigration Killer To Be A Wife,https://www.novelupdates.com/series/i-picked-up-an-ancient-transmigration-killer-to-be-a-wife/,111,26.3,761,2,06-12-2022,"['Action', 'Adventure', 'Comedy', 'Fantasy', 'Martial Arts', 'Romance', 'Yuri']",3.6,古穿今之捡个杀手做媳妇,"['Assassins', 'Cunning Protagonist', 'Modern Day', 'Time Travel', 'Transmigration']",雨初白,jjwxc,No
The Female Lead is a Black Lotus,https://www.novelupdates.com/series/the-female-lead-is-a-black-lotus/,46,45.8,1019,4,07-15-2022,"['Comedy', 'Romance', 'School Life', 'Supernatural', 'Xuanhuan', 'Yuri']",4.2,女主是朵黑莲花,"['Academy', 'Beautiful Female Lead', 'Black Belly', 'Cute Protagonist', 'Female Protagonist', 'Ghosts', 'Modern Day', 'Possessive Characters', 'Siblings', 'Spirits', 'Transmigration', 'Villainess Noble Girls']",我有一只小黑狗,jjwxc,No
Little White Lotus’ Record of Courting Disaster,https://www.novelupdates.com/series/little-white-lotus-record-of-courting-disaster/,26,49.3,549,4,07-07-2022,"['Fantasy', 'Romance', 'Yuri']",3.9,小白花作死记,"['Autism', 'Beautiful Female Lead', 'Black Belly', 'Cold Love Interests', 'Cute Protagonist', 'Doting Love Interests', 'Doting Older Siblings', 'Fantasy World', 'Female Protagonist', 'Modern Day', 'Obsessive Love', 'Possessive Characters', 'Psychopaths', 'Suicides', 'Transmigration', 'Twisted Personality', 'World Hopping', 'Yandere']",桃花千千,jjwxc,No
Entertainment Circle Ancient Female General,https://www.novelupdates.com/series/entertainment-circle-ancient-female-general/,9,87.3,1004,7,07-17-2022,"['Action', 'Adventure', 'Drama', 'Martial Arts', 'Romance', 'Yuri']",4,娱乐圈女武替[古穿今],"['Acting', 'Beautiful Female Lead', 'Calm Protagonist', 'Caring Protagonist', 'Celebrities', 'Devoted Love Interests', 'Doting Parents', 'Familial Love', 'Female Protagonist', 'Hard-Working Protagonist', 'Modern Day', 'Protagonist Strong from the Start', 'Reincarnation', 'Single Parent', 'Tragic Past', 'Transmigration', 'Wealthy Characters']",花生酥糖,jjwxc,No
Queen and Her Duke,https://www.novelupdates.com/series/queen-and-her-duke/,0,101.3,79,1,N/A,"['Action', 'Adult', 'Drama', 'Romance', 'Yuri']",3.5,女王与她的公爵,"['Ancient Times', 'BDSM', 'Beautiful Female Lead', 'Enemies Become Lovers', 'European Ambience', 'Kingdoms', 'Royalty', 'Time Travel']",阿娴大大,jjwxc,No
Non-Police,https://www.novelupdates.com/series/non-police/,8,70.8,396,2,02-13-2022,"['Adult', 'Smut', 'Tragedy', 'Yuri']",4.2,非警,"['BDSM', 'C*nnilingus', 'Confinement', 'Cruel Characters', 'Depictions of Cruelty', 'Drugs', 'Exhibitionism', 'Female Protagonist', 'Modern Day', 'R*pe', 'Sadistic Characters', 'Serial Killers', 'S*x Friends', 'S*xual Abuse', 'Toys']",江时,PO18,No
"After I Transmigrated as a Mermaid, I Transmigrated Back",https://www.novelupdates.com/series/after-i-transmigrated-as-a-mermaid-i-transmigrated-back/,23,52.9,1211,5,03-17-2022,"['Action', 'Adventure', 'Fantasy', 'Romance', 'Supernatural', 'Yuri']",4.4,穿成人鱼后我又穿了回来,"['Beautiful Female Lead', 'Broken Engagement', 'Character Growth', 'Contracts', 'Demons', 'Determined Protagonist', 'Devoted Love Interests', 'Mob Protagonist', 'Modern Day', 'Overpowered Protagonist', 'Power Couple', 'Returning from Another World', 'Special Abilities', 'Spirits', 'Strong Love Interests', 'Strong to Stronger', 'Tragic Past', 'Transmigration', 'Unconditional Love', 'Vampires', 'Wealthy Characters']",沈日十,jjwxc,No
The Reconciliation,https://www.novelupdates.com/series/the-reconciliation/,16,76.2,645,3,03-04-2022,"['Drama', 'Romance', 'Yuri']",4.1,分久必合,"['Acting', 'Beautiful Female Lead', 'Celebrities', 'Devoted Love Interests', 'Doting Love Interests', 'Famous Protagonist', 'Modern Day', 'Wealthy Characters']",鱼霜,jjwxc,No
Reading The Remnants,https://www.novelupdates.com/series/reading-the-remnants/,8,72,444,1,03-10-2022,"['Adventure', 'Drama', 'Fantasy', 'Mystery', 'Romance', 'Xuanhuan', 'Yuri']",3.9,问棺,"['Adventurers', 'Ancient China', 'Buddhism', 'Calm Protagonist', 'Childhood Love', 'Clever Protagonist', 'Daoism', 'Fantasy Creatures', 'Feng Shui', 'Gods', 'Hell', 'Mysterious Past', 'Mythical Beasts', 'Mythology', 'Reincarnation', 'Spirits', 'Time Manipulation', 'Unrequited Love']",七小皇叔,Chang Pei (gongzicp),No
She is the Protagonist,https://www.novelupdates.com/series/she-is-the-protagonist/,210,35.4,4087,46,02-01-2022,"['Completed', 'Comedy', 'Drama', 'Romance', 'Yuri']",4.6,她是主角,"['Acting', 'Adapted to Drama CD', 'Adopted Children', 'Beautiful Female Lead', 'Broken Engagement', 'Celebrities', 'Clever Protagonist', 'Devoted Love Interests', 'Doting Love Interests', 'Doting Parents', 'Family', 'Famous Protagonist', 'Heartwarming', 'Modern Day', 'Multiple Reincarnated Individuals', 'Multiple Timelines', 'Music', 'Power Couple', 'Protagonist Falls in Love First', 'Reincarnation', 'Second Chance', 'Shameless Protagonist', 'Strong Love Interests', 'System Administrator', 'Time Loop', 'Tragic Past', 'Transmigration', 'Unconditional Love', 'Villainess Noble Girls', 'Wealthy Characters']",热到昏厥,jjwxc,Yes
Becoming a Movie Queen after Transmigrating as the Villain’s Cat,https://www.novelupdates.com/series/becoming-a-movie-queen-after-transmigrating-as-the-villains-cat/,59,38.5,1575,9,01-29-2022,"['Comedy', 'Romance', 'Slice of Life', 'Yuri']",4.5,穿成反派的猫后我称霸娱乐圈,"['Acting', 'Beautiful Female Lead', 'Cold Love Interests', 'Cute Protagonist', 'Doting Love Interests', 'Human-Nonhuman Relationship', 'Modern Day', 'Non-humanoid Protagonist', 'Pets', 'Ruthless Protagonist', 'Selfish Protagonist', 'Slow Romance', 'Villainess Noble Girls', 'Wealthy Characters']",殊十一,jjwxc,No
Abused Female Lead And Beautiful Villainess (Quick Transmigration),https://www.novelupdates.com/series/abused-female-lead-and-beautiful-villainess-quick-transmigration/,55,52.1,1834,11,02-10-2022,"['Adventure', 'Comedy', 'Fantasy', 'Romance', 'Supernatural', 'Yuri']",4.3,虐文女主和漂亮女配[快穿],"['Ancient China', 'Beautiful Female Lead', 'Clever Protagonist', 'Cultivation', 'Devoted Love Interests', 'Doting Love Interests', 'Episodic', 'Fantasy Creatures', 'Heartwarming', 'Heavenly Tribulation', 'Hiding True Identity', 'Interdimensional Travel', 'Love at First Sight', 'Marriage', 'Modern Day', 'Multiple Realms', 'Persistent Love Interests', 'Power Couple', 'Protagonist Falls in Love First', 'Protagonist Strong from the Start', 'Reincarnation', 'Shameless Protagonist', 'Strong Love Interests', 'System Administrator', 'Transmigration', 'Unconditional Love', 'Villainess Noble Girls', 'Wealthy Characters', 'World Hopping', 'World Travel']",千觅荷,jjwxc,No
Above the Clouds,https://www.novelupdates.com/series/above-the-clouds/,8,57.8,152,0,02-17-2022,"['Drama', 'Mystery', 'Psychological', 'Yuri']",3.3,青云之上,"['Child Abuse', 'Childhood Friends', 'Crime', 'Criminals', 'Detectives', 'Gore', 'Investigations', 'Murders', 'Past Plays a Big Role', 'Police', 'Serial Killers', 'Yandere']",铁锅炖大鸭,Chang Pei (gongzicp),No
Shimmer,https://www.novelupdates.com/series/shimmer/,0,404,131,0,N/A,"['Drama', 'Romance', 'Yuri']",4.1,微光,"['Acting', 'Adapted to Drama CD', 'Celebrities', 'Co-Workers', 'Famous Protagonist', 'Modern Day', 'Showbiz']",鱼霜,jjwxc,No
The Villain is Addicted to Farming,https://www.novelupdates.com/series/the-villain-is-addicted-to-farming/,23,41.6,640,4,11-18-2021,"['Adventure', 'Fantasy', 'Yuri']",4.4,反派沉迷种田后[快穿],"['Farming', 'Female Protagonist', 'System Administrator', 'Transmigration', 'World Hopping']",方便面君,jjwxc,No
The System Sent Me an Object [End of the World],https://www.novelupdates.com/series/the-system-sent-me-an-object-end-of-the-world/,72,37,1176,5,11-18-2021,"['Action', 'Adventure', 'Comedy', 'Horror', 'Romance', 'Sci-fi', 'Yuri']",4.5,系统给我发对象[末世],"['Apocalypse', 'Beautiful Female Lead', 'Calm Protagonist', 'Charming Protagonist', 'Female Protagonist', 'Hard-Working Protagonist', 'Level System', 'Modern Day', 'Monsters', 'Smart Couple', 'Strong to Stronger', 'Survival', 'Zombies']",方便面君,jjwxc,No
Green Tea Villainess Fails,https://www.novelupdates.com/series/green-tea-villainess-fails/,28,47.2,2329,10,11-30-2021,"['Comedy', 'Fantasy', 'Romance', 'Yuri']",4.3,绿茶原地翻车GL,"['Beautiful Female Lead', 'Celebrities', 'Cold Love Interests', 'Cute Children', 'Cute Protagonist', 'Doting Love Interests', 'Doting Older Siblings', 'Doting Parents', 'Fated Lovers', 'Love Interest Falls in Love First', 'Modern Day', 'Naive Protagonist', 'Pregnancy', ""Sibling's Care"", 'System Administrator', 'Transmigration', 'Villainess Noble Girls', 'Wealthy Characters']",白日曦,jjwxc,No
The Princess from the Dragon Slayer Kingdom,https://www.novelupdates.com/series/the-princess-from-the-dragon-slayer-kingdom/,2,259.5,217,4,11-28-2021,"['Completed', 'Comedy', 'Fantasy', 'Romance', 'Slice of Life', 'Yuri']",3.9,当巨龙抓走了屠龙国的公主,"['Cute Story', 'Dragon Slayers', 'Dragons', 'Heartwarming', 'Short Story']",小林,Zhihu,Yes
Eastward Flow,https://www.novelupdates.com/series/eastward-flow/,25,51.8,846,6,11-30-2021,"['Drama', 'Romance', 'Yuri']",4.3,向东流,"['Ancient China', 'Cross-dressing', 'Politics', 'Protagonist Falls in Love First', 'Reversible Couple', 'Second Chance', 'Transmigration']",江一水,jjwxc,No
"Don’t Chase me, It’s Fruitless",https://www.novelupdates.com/series/dont-chase-me-its-fruitless/,3,203.7,309,3,11-30-2021,"['Romance', 'Shoujo Ai', 'Yuri']",4,"别追我, 没结果","['Beautiful Female Lead', 'Contracts', 'Doting Love Interests', 'Doting Parents', 'Narcissistic Protagonist', 'Past Plays a Big Role', 'Poor to Rich', 'Revenge', 'Showbiz', 'Singers', 'Wealthy Characters']",热到昏厥,jjwxc,No
My Disciple Consumes Too Much,https://www.novelupdates.com/series/my-disciple-consumes-too-much/,63,53.7,1405,3,01-06-2022,"['Comedy', 'Romance', 'Xianxia', 'Yuri']",4.4,徒儿吃的太多了,"['Beautiful Female Lead', 'Cold Love Interests', 'Cultivation', 'Cute Story', 'Devoted Love Interests', 'Doting Love Interests', 'Immortals', 'Lack of Common Sense', 'Non-humanoid Protagonist', 'Transmigration']",瞳师,jjwxc,No
365 Difficult Ways To Live,https://www.novelupdates.com/series/365-difficult-ways-to-live/,4,132.8,275,2,12-06-2021,"['Action', 'Comedy', 'Horror', 'Mystery', 'Psychological', 'Yuri']",4.2,365 Kinds of Difficult Living Methods,"['Abandoned Children', 'Beautiful Female Lead', 'Clever Protagonist', 'Female Protagonist', 'Murders', 'Police', 'Slow Romance', 'Smart Couple']",莫然漂,jjwxc,No
"I, Qinghuan",https://www.novelupdates.com/series/i-qinghuan/,26,52.6,736,8,03-13-2022,"['Drama', 'Romance', 'Tragedy', 'Yuri']",4.7,一世清欢现代篇,"['Acting', 'Amnesia', 'Appearance Different from Actual Age', 'Arranged Marriage', 'Awkward Protagonist', 'Beautiful Female Lead', 'Cold Protagonist', 'Couple Growth', 'Doting Love Interests', 'Immortals', 'Modern Day', 'Multiple Realms', 'Reincarnation', 'Tragic Past', 'Wealthy Characters', 'Younger Love Interests']",无心谈笑,jjwxc,No
Falling In Love With Tsundere Villainess After Transmigrating,https://www.novelupdates.com/series/falling-in-love-with-tsundere-villainess-after-transmigrating/,59,32.7,1235,16,12-30-2021,"['Comedy', 'Romance', 'School Life', 'Yuri']",4.5,穿书后爱上傲娇大小姐,"['Beautiful Female Lead', 'Bickering Couple', 'Calm Protagonist', 'Character Growth', 'Clingy Lover', 'Couple Growth', 'Cute Story', 'Devoted Love Interests', 'Doting Love Interests', 'Doting Parents', 'Family', 'Friendship', 'Heartwarming', 'Jealousy', 'Misunderstandings', 'Modern Day', 'Obsessive Love', 'Possessive Characters', 'Protagonist Falls in Love First', 'Transmigration', 'Tsundere', 'Unconditional Love', 'Villainess Noble Girls', 'Wealthy Characters']",边连,jjwxc,No
"In Order To Survive, I Had To Fall in Love With the Heroine",https://www.novelupdates.com/series/in-order-to-survive-i-had-to-fall-in-love-with-the-heroine/,3,204,375,2,10-18-2021,"['Comedy', 'Drama', 'Romance', 'Shoujo Ai', 'Yuri']",4.4,为了活命不得不和女主谈恋爱,"['Acting', 'Beautiful Female Lead', 'Celebrities', 'Doting Love Interests', 'Female Protagonist', 'Friendship', 'Showbiz', 'System Administrator', 'Transmigration', 'Transported to Another World', 'Unconditional Love', 'Wealthy Characters']",美羊羊公主殿下,jjwxc,No
Every Day I Wake Up and See Myself Selling Stupid,https://www.novelupdates.com/series/every-day-i-wake-up-and-see-myself-selling-stupid/,11,43.9,238,4,01-13-2022,"['Romance', 'Tragedy', 'Yuri']",3.9,每天起床都看到自己在卖蠢,"['Cold Protagonist', 'First Love', 'Mismatched Couple', 'Modern Day', 'Reincarnation', 'Ruthless Protagonist', 'Tragic Past', 'Wealthy Characters']",满城时光,jjwxc,No
"An Expectation of 1 in 20,000",https://www.novelupdates.com/series/an-expectation-of-1-in-20000/,1,557,240,4,10-20-2021,"['Completed', 'Romance', 'Yuri']",4.3,两万分之一的期待,"['Beautiful Female Lead', 'Devoted Love Interests', 'Female Protagonist', 'Oneshot']",萧憬,jjwxc,Yes
Raising The Zombie King,https://www.novelupdates.com/series/raising-the-zombie-king/,28,36.2,665,5,11-13-2021,"['Action', 'Romance', 'Slice of Life', 'Yuri']",4.1,在末世养丧尸王,"['Apocalypse', 'Beautiful Female Lead', 'Mute Character', 'Strong Love Interests', 'Survival', 'Zombies']",半碗多糖,jjwxc,No
The Price of Confessing To The Wrong Female Protagonist,https://www.novelupdates.com/series/the-price-of-confessing-to-the-wrong-female-protagonist/,34,91.9,1976,4,11-09-2021,"['Adventure', 'Comedy', 'Drama', 'Romance', 'Xianxia', 'Yuri']",4.2,我把霸王花认成了小白莲，接着养成了食人花！,"['Ancient Times', 'Beautiful Female Lead', 'Calm Protagonist', 'Cultivation', 'Female Protagonist', 'Love Interest Falls in Love First', 'Master-Disciple Relationship', 'Possessive Characters', 'Transmigration', 'Yandere', 'Younger Love Interests']",满城时光,jjwxc,No
Will You Die if You Don’t Pretend to be Forced?,https://www.novelupdates.com/series/will-you-die-if-you-dont-pretend-to-be-forced/,4,140.5,247,1,10-19-2021,"['Adventure', 'Comedy', 'Drama', 'Romance', 'Slice of Life', 'Supernatural', 'Yuri']",3.7,[QT] Will You Die if You Don’t Pretend to be Forced?,"['Apocalypse', 'Beautiful Female Lead', 'Clever Protagonist', 'Ghosts', 'Overpowered Protagonist', 'Soul Power', 'Tragic Past', 'World Hopping', 'World Travel']",柒殇祭,jjwxc,No
Transmigrated as the Notorious Female Partner,https://www.novelupdates.com/series/transmigrated-as-the-notorious-female-partner/,1,606,335,6,09-02-2021,"['Drama', 'Romance', 'Yuri']",4.3,穿成声名狼藉的女配,"['Adopted Children', 'Beautiful Female Lead', 'Confident Protagonist', 'Family Conflict', 'Female Protagonist', 'Past Plays a Big Role', 'Past Trauma', 'Protagonist Falls in Love First', 'Revenge', 'Transmigration', 'Wealthy Characters']",小吾君,jjwxc,No
She Belongs To Me,https://www.novelupdates.com/series/she-belongs-to-me/,39,45,833,7,08-31-2021,"['Drama', 'Slice of Life', 'Yuri']",4.5,她属于我,"['Beautiful Female Lead', 'Business Management', 'Calm Protagonist', 'Character Growth', 'Cold Love Interests', 'Devoted Love Interests', 'Doting Love Interests', 'Female Protagonist', 'Love Interest Falls in Love First', 'Marriage', 'Marriage of Convenience', 'Modern Day', 'Pregnancy', 'Slow Romance', 'Strong Love Interests', 'Unreliable Narrator', 'Wealthy Characters']",妲婴,jjwxc,No
Fangsi,https://www.novelupdates.com/series/fangsi/,26,46.2,887,6,08-22-2021,"['Adult', 'Drama', 'Mature', 'Romance', 'Smut', 'Yuri']",4.3,放肆【娱乐圈】,"['Acting', 'Beautiful Female Lead', 'Celebrities', 'Charming Protagonist', 'Cold Love Interests', 'Cute Children', 'Multiple POV', 'Past Trauma', 'Tragic Past']",玄笺,jjwxc,No
Matrilocal Marriage,https://www.novelupdates.com/series/matrilocal-marriage/,32,51.2,2375,50,08-26-2021,"['Completed', 'Comedy', 'Drama', 'Romance', 'Yuri']",4.6,入赘,"['Ancient Times', 'Beautiful Female Lead', 'Betrayal', 'Business Management', 'Businessmen', 'Caring Protagonist', 'Character Growth', 'Clever Protagonist', 'Cross-dressing', 'Cute Children', 'Devoted Love Interests', 'Female Protagonist', 'Hard-Working Protagonist', 'Marriage', 'Nobles', 'Parallel Worlds', 'Poor to Rich', 'Power Couple', 'Pregnancy', 'Protagonist Falls in Love First', 'Slow Romance', 'Technological Gap', 'Time Travel', 'Wealthy Characters', 'Younger Love Interests']",请君莫笑,jjwxc,Yes
She Can Also Be Gentle,https://www.novelupdates.com/series/she-can-also-be-gentle/,4,142.5,183,0,10-17-2021,"['Josei', 'Romance', 'School Life', 'Yuri']",4.4,她也可以很温柔,"['Beautiful Female Lead', 'Calm Protagonist', 'Caring Protagonist', 'Cold Love Interests', 'Devoted Love Interests', 'Doting Love Interests', 'Modern Day', 'Unconditional Love']",妲婴,jjwxc,No
The Transmigration Missions Are Not Scientific,https://www.novelupdates.com/series/the-transmigration-missions-are-not-scientific/,133,41.3,1867,11,09-06-2021,"['Completed', 'Adventure', 'Comedy', 'Fantasy', 'Romance', 'School Life', 'Yuri']",4.3,穿越的任务不科学 (快穿),"['Apocalypse', 'Beautiful Female Lead', 'Cultivation', 'Determined Protagonist', 'Devoted Love Interests', 'Episodic', 'Female Protagonist', 'Hackers', 'Heartwarming', 'Interdimensional Travel', 'Modern Day', 'Multiple Protagonists', 'Multiple Realms', 'Non-humanoid Protagonist', 'Protagonist Falls in Love First', 'Shounen-Ai Subplot', 'System Administrator', 'Transmigration', 'Unconditional Love', 'Wealthy Characters', 'World Hopping', 'Zombies']",千里日和,jjwxc,Yes
My Dear Miss Medical Examiner,https://www.novelupdates.com/series/my-dear-miss-medical-examiner/,3,256,414,4,09-14-2021,"['Drama', 'Mature', 'Mystery', 'Psychological', 'Yuri']",4.1,我亲爱的法医小姐,"['Adapted to Manhua', 'Beautiful Female Lead', 'Bickering Couple', 'Bisexual Protagonist', 'Character Growth', 'Clever Protagonist', 'Cold Protagonist', 'Couple Growth', 'Doting Love Interests', 'Medical Knowledge', 'Past Trauma', 'Police', 'Revenge', 'Serial Killers', 'Slow Romance', 'Stoic Characters', 'Wealthy Characters']",酒暖春深,jjwxc,No
After Being Bent by Reader,https://www.novelupdates.com/series/after-being-bent-by-reader/,190,41.1,1604,25,08-29-2021,"['Completed', 'Drama', 'Romance', 'Yuri']",4.4,被读者掰弯后,"['Beautiful Female Lead', 'Boss-Subordinate Relationship', 'Couple Growth', 'Cute Story', 'Female Protagonist', 'Heartwarming', 'Love Interest Falls in Love First', 'Modern Day', 'Writers']",逆签,jjwxc,Yes
Miss President is a Crybaby,https://www.novelupdates.com/series/miss-president-is-a-crybaby/,34,40.7,1040,14,09-24-2021,"['Comedy', 'Drama', 'Romance', 'Yuri']",4.6,总裁她总是哭唧唧,"['Beautiful Female Lead', 'Boss-Subordinate Relationship', 'Couple Growth', 'Cute Story', 'Female Protagonist', 'Heartwarming', 'Modern Day']",李秋琅,jjwxc,No
I Don’t Want to Work Hard Anymore,https://www.novelupdates.com/series/i-dont-want-to-work-hard-anymore/,1,700,185,0,05-31-2021,"['Romance', 'Yuri']",4,影后我不想努力了,[],御川不洗手,jjwxc,No
"I Want to be Alone, Beautifully",https://www.novelupdates.com/series/i-want-to-be-alone-beautifully/,52,47.1,1123,8,10-07-2021,"['Drama', 'Mature', 'Romance', 'Sci-fi', 'Yuri']",4.2,我想独自美丽[快穿],"['Apathetic Protagonist', 'Beautiful Female Lead', 'Character Growth', 'Childhood Love', 'Cold Protagonist', 'Devoted Love Interests', 'Female Protagonist', 'Multiple Identities', 'Obsessive Love', 'Omegaverse', 'Resurrection', 'Revenge', 'R*pe', 'Tragic Past', 'Transmigration', 'Wealthy Characters', 'World Hopping', 'Yandere']",柒殇祭,jjwxc,No
"Host, Please Don’t Match Up with the Vicious Female",https://www.novelupdates.com/series/host-please-dont-match-up-with-the-vicious-female/,46,47.4,960,7,06-04-2021,"['Action', 'Adventure', 'Comedy', 'Romance', 'Sci-fi', 'Yuri']",4,宿主，请别对恶毒女配下手[快穿],"['Ancient China', 'Apocalypse', 'Beautiful Female Lead', 'Calm Protagonist', 'Clumsy Love Interests', 'Episodic', 'Female Protagonist', 'Multiple Transported Individuals', 'Protagonist Strong from the Start', 'Transmigration', 'Vampires', 'World Hopping']",姜沉漾,jjwxc,No
Heartburn,https://www.novelupdates.com/series/heartburn/,6,127.8,233,2,05-26-2021,"['Drama', 'Fantasy', 'Historical', 'Romance', 'Yuri']",4.2,(女尊GL）灼心,"['Ancient China', 'Betrayal', 'Court Official', 'Manipulative Characters', 'Transmigration']",失眠七夜,jjwxc,No
Golden Crow’s Self-Cultivation,https://www.novelupdates.com/series/golden-crows-self-cultivation/,46,47.4,577,2,06-04-2021,"['Adventure', 'Drama', 'Fantasy', 'Romance', 'Yuri']",3.8,金乌的自我修养[快穿],"['Acting', 'Beautiful Female Lead', 'Calm Protagonist', 'Female Protagonist', 'Game Elements', 'Love Interest Falls in Love First', 'Multiple Identities', 'Multiple Realms', 'Protagonist Strong from the Start', 'Resurrection', 'Smart Couple', 'Strong Love Interests', 'Survival Game', 'Transmigration', 'Wealthy Characters', 'World Hopping']",假鱼,jjwxc,No
After the Full-Level Boss is Reborn,https://www.novelupdates.com/series/after-the-full-level-boss-is-reborn/,45,47.4,694,6,06-05-2021,"['Action', 'Drama', 'Romance', 'Xianxia', 'Yuri']",4,满级大佬重生以后,"['Antihero Protagonist', 'Beautiful Female Lead', 'Cold Protagonist', 'Cultivation', 'Demons', 'Female Protagonist', 'Master-Disciple Relationship', 'Multiple Personalities', 'Protagonist Strong from the Start', 'Reincarnation', 'Revenge', 'Ruthless Protagonist', 'Strong Love Interests', 'Tragic Past', 'Transmigration', 'Unconditional Love']",游鲲,jjwxc,No
One Pet Gets Married,https://www.novelupdates.com/series/one-pet-gets-married/,8,90.8,464,4,06-08-2021,"['Comedy', 'Romance', 'Yuri']",4.5,一宠成婚(古穿今),"['Beautiful Female Lead', 'Calm Protagonist', 'Celebrities', 'Doting Love Interests', 'Famous Protagonist', 'Heartwarming', 'Marriage', 'Marriage of Convenience', 'Misunderstandings', 'Modern Day', 'Protagonist Falls in Love First', 'Seduction', 'Showbiz', 'Transmigration']",魅骨,jjwxc,No
"Our Days of Youth, Beautiful as a Poem",https://www.novelupdates.com/series/our-days-of-youth-beautiful-as-a-poem/,5,135.8,325,2,07-17-2021,"['Romance', 'School Life', 'Slice of Life', 'Yuri']",4.4,你与青春如诗,"['Childhood Friends', 'Childhood Love', 'Coming of Age', 'Family', 'Friendship', 'Modern Day', 'Slow Romance', 'Smart Couple']",柚色miyo,jjwxc,No
The Noble Consort’s Pet Empress,https://www.novelupdates.com/series/the-noble-consorts-pet-empress/,0,64.1,1235,2,N/A,"['Comedy', 'Fantasy', 'Historical', 'Martial Arts', 'Romance', 'Yuri']",4.2,贵妃的家养皇后,"['Adopted Children', 'Ancient China', 'Assassins', 'Beautiful Female Lead', 'Bisexual Protagonist', 'Calm Protagonist', 'Cohabitation', 'Confident Protagonist', 'Devoted Love Interests', 'Hiding True Identity', 'Imperial Harem', 'Loyal Subordinates', 'Overpowered Protagonist', 'Pets', 'Power Couple', 'Protagonist Falls in Love First', 'Protagonist Strong from the Start', 'Royalty', 'Shameless Protagonist', 'Transmigration']",江南魂姑娘,jjwxc,No
Chen Ruobing and I,https://www.novelupdates.com/series/chen-ruobing-and-i/,21,44.7,375,10,07-01-2021,"['Completed', 'Drama', 'Romance', 'School Life', 'Yuri']",4.3,我和陈若冰,"['Beautiful Female Lead', 'Heartwarming', 'Modern Day', 'Short Story']",醉也真,Chang Pei (gongzicp),Yes
The Vixen is Attacked,https://www.novelupdates.com/series/the-vixen-is-attacked/,4,212.5,345,2,08-16-2021,"['Adventure', 'Comedy', 'Fantasy', 'Historical', 'Romance', 'Yuri']",4.2,狐狸精被攻记GL,"['Ancient China', 'Demons', 'Devoted Love Interests', 'Female Protagonist', 'Fox Spirits', 'Interdimensional Travel', 'Magic', 'Past Plays a Big Role', 'System Administrator', 'World Hopping']",白日曦,jjwxc,No
On the Best Way to Punish the Unfaithful Ex,https://www.novelupdates.com/series/on-the-best-way-to-punish-the-unfaithful-ex/,1,739,132,0,04-21-2021,"['Romance', 'Yuri']",3.7,论惩罚花心前任的最佳方式,[],寿头,jjwxc,No
Classmate is Not a Demon,https://www.novelupdates.com/series/classmate-is-not-a-demon/,1,739,288,2,04-21-2021,"['Romance', 'Yuri']",4.2,同学不作妖[重生],"['Beautiful Female Lead', 'Clever Protagonist', 'Cold Love Interests', 'Devoted Love Interests', 'Female Protagonist', 'Love Interest Falls in Love First', 'Modern Day', 'Power Couple', 'Time Travel', 'Unconditional Love']",时微月上,jjwxc,No
I Became Love Rivals With My Crush,https://www.novelupdates.com/series/i-became-love-rivals-with-my-crush/,10,88.4,834,7,04-24-2021,"['Comedy', 'Romance', 'Xianxia', 'Yuri']",4.2,我和心上人成了情敌,"['Beautiful Female Lead', 'Character Growth', 'Cold Love Interests', 'Couple Growth', 'Cultivation', 'Devoted Love Interests', 'Familial Love', 'Female Protagonist', 'First Love', 'Jealousy', 'Love at First Sight', 'Marriage', 'Power Couple', 'Proactive Protagonist', 'Protagonist Falls in Love First', 'Strong Love Interests', 'Transmigration']",热到昏厥,jjwxc,No
Willingly Baited,https://www.novelupdates.com/series/willingly-baited/,2,372,733,4,04-25-2021,"['Mature', 'Romance', 'Yuri']",4.5,愿者上钩（GL）,"['Adultery', 'Beautiful Female Lead', 'Business Management', 'Clever Protagonist', 'Cold Love Interests', 'Devoted Love Interests', 'Divorce', 'Doting Older Siblings', 'Doting Parents', 'Family Business', 'First Love', 'Modern Day', 'Persistent Love Interests', 'Slow Romance', 'Unconditional Love', 'Wealthy Characters']",明也,jjwxc,No
"Princess, Spare My Life",https://www.novelupdates.com/series/princess-spare-my-life/,55,63.2,1554,12,05-16-2021,"['Action', 'Fantasy', 'Historical', 'Martial Arts', 'Romance', 'Yuri']",4.2,公主饶命 GL,"['Adopted Children', 'Ancient China', 'Arranged Marriage', 'Assassins', 'Beautiful Female Lead', 'Cross-dressing', 'Cunning Protagonist', 'Devoted Love Interests', 'Marriage', 'Military', 'Nobles', 'Protagonist Falls in Love First', 'Protagonist Strong from the Start', 'Royalty', 'Strong Love Interests', 'Transmigration']",凤崎舞,jjwxc,No
Transmigrated Into a Smashing Asura Girl,https://www.novelupdates.com/series/transmigrated-into-a-smashing-asura-girl/,40,64.9,1636,3,02-24-2021,"['Adventure', 'Comedy', 'Romance', 'Xianxia', 'Yuri']",3.9,穿成阿修罗妹砸［穿书］,"['Battle Academy', 'Beautiful Female Lead', 'Cold Love Interests', 'Cooking', 'Cultivation', 'Dense Protagonist', 'Fated Lovers', 'Female Protagonist', 'First Love', 'Love Interest Falls in Love First', 'Marriage', 'Mysterious Past', 'Mystery Solving', 'Strong Love Interests', 'Transmigration', 'Villainess Noble Girls']",长鱼即墨,jjwxc,No
When the Hacker is Forced to Marry,https://www.novelupdates.com/series/when-the-hacker-is-forced-to-marry/,58,56.1,1942,12,02-14-2021,"['Completed', 'Adventure', 'Comedy', 'Romance', 'Sci-fi', 'Yuri']",4.1,当技术宅被逼婚,"['Arranged Marriage', 'Beautiful Female Lead', 'Clever Protagonist', 'Devoted Love Interests', 'Female Protagonist', 'Guideverse', 'Hackers', 'Martial Spirits', 'Mercenaries', 'Politics', 'Power Couple', 'Protagonist Strong from the Start', 'Royalty', 'Secret Organizations', 'Spirit Users', 'Strong Love Interests', 'Transmigration', 'Underestimated Protagonist']",山有荷叶,jjwxc,Yes
Mary Sue Meets Cinderella,https://www.novelupdates.com/series/mary-sue-meets-cinderella/,36,63.7,382,4,01-23-2021,"['Comedy', 'Drama', 'Romance', 'School Life', 'Supernatural', 'Yuri']",3.4,玛丽苏遭遇灰姑娘,"['Devoted Love Interests', 'Female Protagonist', 'Heartwarming', 'Modern Day', 'Multiple POV', 'Vampires', 'Wealthy Characters']",陌荨,jjwxc,No
Summon Survival,https://www.novelupdates.com/series/summon-survival/,16,72.9,994,7,02-04-2021,"['Action', 'Adventure', 'Drama', 'Fantasy', 'Romance', 'Supernatural', 'Yuri']",4.1,召唤生存[末世],"['Ability Steal', 'Aggressive Characters', 'Anti-social Protagonist', 'Apathetic Protagonist', 'Apocalypse', 'Beautiful Female Lead', 'Betrayal', 'Calm Protagonist', 'Character Growth', 'Cohabitation', 'Cold Protagonist', 'Conditional Power', 'Contracts', 'Cunning Protagonist', 'Devoted Love Interests', 'Fantasy Creatures', 'Female Protagonist', 'Firearms', 'First Love', 'Game Elements', 'Hard-Working Protagonist', 'Hiding True Abilities', 'Interdimensional Travel', 'Kind Love Interests', 'Level System', 'Love Interest Falls in Love First', 'Low-key Protagonist', 'Mercenaries', 'Older Love Interests', 'Persistent Love Interests', 'Popular Love Interests', 'Post-apocalyptic', 'Power Couple', 'Reincarnation', 'Revenge', 'Ruthless Protagonist', 'Saving the World', 'Second Chance', 'Selfish Protagonist', 'Slow Romance', 'Strong Love Interests', 'Summoning Magic', 'Survival', 'Underestimated Protagonist', 'Weak to Strong', 'Zombies']",['L泗X汐Y'],jjwxc,No
Jiao Huan Ying Hou,https://www.novelupdates.com/series/jiao-huan-ying-hou/,21,129.7,1505,11,01-25-2021,"['Comedy', 'Drama', 'Romance', 'Supernatural', 'Yuri']",4.6,交换影后,"['Acting', 'Beautiful Female Lead', 'Bickering Couple', 'Body Swap', 'Calm Protagonist', 'Celebrities', 'Cold Love Interests', 'Heartwarming', 'Modern Day', 'Showbiz']",君sola,jjwxc,No
The Beauty’s Blade,https://www.novelupdates.com/series/the-beautys-blade/,52,50.3,1351,10,04-17-2021,"['Completed', 'Action', 'Historical', 'Martial Arts', 'Wuxia', 'Yuri']",4.1,美人剑,"['Beautiful Female Lead', 'Clever Protagonist', 'Cold Love Interests', 'Cultivation', 'Enemies Become Lovers', 'Famous Protagonist', 'Female Protagonist', 'Murders', 'Narcissistic Protagonist', 'Protagonist Falls in Love First', 'Protagonist Strong from the Start', 'Revenge', 'Ruthless Protagonist', 'Schemes And Conspiracies', 'Shameless Protagonist', 'Tragic Past']",封刃作书,jjwxc,Yes
Overbearing City Inspector Fell In Love With Me,https://www.novelupdates.com/series/overbearing-city-inspector-fell-in-love-with-me/,4,249.3,264,1,02-26-2021,"['Romance', 'Slice of Life', 'Yuri']",3.6,霸道城管爱上我（GL）,"['Beautiful Female Lead', 'Cute Story', 'Female Protagonist', 'Modern Day', 'Short Story']","菜有染,",jjwxc,No
Imperial Chef Rookie,https://www.novelupdates.com/series/imperial-chef-rookie/,23,116.3,848,4,02-26-2021,"['Comedy', 'Historical', 'Romance', 'Slice of Life', 'Yuri']",4.2,御厨小白,"['Average-looking Protagonist', 'Beautiful Female Lead', 'Carefree Protagonist', 'Chefs', 'Cooking', 'Cross-dressing', 'Hard-Working Protagonist', 'Royalty']",妃呼狶,jjwxc,No
Never Dare to Abuse the Female Protagonist Again,https://www.novelupdates.com/series/never-dare-to-abuse-the-female-protagonist-again/,9,104.2,1803,5,03-16-2021,"['Comedy', 'Drama', 'Romance', 'School Life', 'Supernatural', 'Yuri']",4.2,再也不敢虐女主了,"['Beautiful Female Lead', 'Calm Protagonist', 'Female Protagonist', 'Love Interest Falls in Love First', 'Modern Day', 'Possessive Characters', 'Strong Love Interests', 'Transmigration', 'Wealthy Characters', 'Writers', 'Yandere']",满城时光,jjwxc,No
My Consort is Alpha,https://www.novelupdates.com/series/my-consort-is-alpha/,4,381,664,2,04-02-2021,"['Adventure', 'Fantasy', 'Gender Bender', 'Romance', 'Sci-fi', 'Yuri']",3.9,我的驸马是Alpha,"['Beautiful Female Lead', 'First-time Interc**rse', 'Futanari', 'Human-Nonhuman Relationship', 'Love Interest Falls in Love First', 'Military', 'Multiple Transported Individuals', 'Omegaverse', 'Overpowered Protagonist', 'Protagonist Strong from the Start', 'Royalty', 'Seme Protagonist', 'Transmigration']",終身不婚,jjwxc,No
The Imperial Doctor Belongs To The Princess,https://www.novelupdates.com/series/the-imperial-doctor-belongs-to-the-princess/,18,63.9,1239,4,11-16-2020,"['Drama', 'Fantasy', 'Historical', 'Romance', 'Yuri']",4.4,公主的御用毒医,"['Ancient China', 'Beautiful Female Lead', 'Calm Protagonist', 'Complex Family Relationships', 'Doctors', 'Family Conflict', 'Royalty', 'Schemes And Conspiracies', 'System Administrator', 'Transmigration']",江南魂姑娘,jjwxc,No
My Brother has Turned into a Loli,https://www.novelupdates.com/series/my-brother-has-turned-into-a-loli/,26,66,854,1,11-19-2020,"['Adventure', 'Fantasy', 'Gender Bender', 'Romance', 'Yuri']",3.9,哥哥在游戏里变成萝莉了，怎么办,"['Game Elements', 'Magic', 'Male to Female', 'Transported into a Game World', 'Younger Sisters']",十万水星,SFACG,No
Former Cannon Fodder’s Self-help Manual,https://www.novelupdates.com/series/former-cannon-fodders-self-help-manual/,30,68.3,1015,3,03-27-2021,"['Adult', 'Drama', 'Romance', 'Yuri']",4.1,炮灰前任自救手册[快穿],"['Beautiful Female Lead', 'Celebrities', 'Episodic', 'Female Protagonist', 'Interdimensional Travel', 'Love Interest Falls in Love First', 'Modern Day', 'Multiple Realms', 'Older Love Interests', 'System Administrator', 'Transmigration', 'Wealthy Characters', 'World Hopping', 'World Travel']",糯米饼,jjwxc,No
Record of the Poison Doctor Pursuing Her Wife,https://www.novelupdates.com/series/record-of-the-poison-doctor-pursuing-her-wife/,10,127.6,755,2,12-11-2020,"['Action', 'Historical', 'Martial Arts', 'Romance', 'Wuxia', 'Yuri']",3.9,毒医追妻记gl,"['Ancient Times', 'Assassins', 'Beautiful Female Lead', 'Devoted Love Interests', 'Doctors', 'Famous Protagonist', 'Genius Protagonist', 'Heartwarming', 'Medical Knowledge', 'Poisons', 'Power Couple', 'Smart Couple', 'Strong Love Interests', 'Tsundere']",执念啊,jjwxc,No
Let Me Go! I Need to Study!,https://www.novelupdates.com/series/let-me-go-i-need-to-study/,26,61,597,3,12-07-2020,"['Completed', 'Comedy', 'Romance', 'Supernatural', 'Yuri']",4.2,放开我！我要学习！,"['Animal Characteristics', 'Awkward Protagonist', 'Beautiful Female Lead', 'Carefree Protagonist', 'Cute Protagonist', 'Cute Story', 'Devoted Love Interests', 'Doting Love Interests', 'Female Protagonist', 'Heartwarming', 'Kind Love Interests', 'Modern Day', 'Pets', 'Protagonist Falls in Love First', 'Second Chance', 'Secret Crush', 'Secrets']",三月图腾,jjwxc,Yes
Pregnant With the Villain Boss’ Baby,https://www.novelupdates.com/series/pregnant-with-the-villain-boss-baby/,13,74.4,771,3,12-13-2020,"['Comedy', 'Romance', 'Sci-fi', 'Yuri']",3.7,怀了反派boss的崽,"['Acting', 'Alternate World', 'Aristocracy', 'Beautiful Female Lead', 'Celebrities', 'Childcare', 'Cute Children', 'Doting Love Interests', 'Generals', 'Heartwarming', 'Military', 'Modern Day', 'Omegaverse', 'Pregnancy', 'Single Parent', 'Strong Love Interests', 'Transmigration', 'Virtual Reality', 'Wealthy Characters']",千里日和,jjwxc,No
A Half-Human and Half-Vampire Savior,https://www.novelupdates.com/series/a-half-human-and-half-vampire-savior/,0,144.5,305,1,N/A,"['Action', 'Gender Bender', 'Horror', 'Romance', 'Supernatural', 'Yuri']",3.4,重生异世界变成血族拯救世界,"['Angels', 'Aristocracy', 'Beautiful Female Lead', 'Cruel Characters', 'Demi-Humans', 'Demon Lord', 'Demons', 'Depictions of Cruelty', 'Dragons', 'Dwarfs', 'Elves', 'Evil Gods', 'Eye Powers', 'Godly Powers', 'Gods', 'Half-human Protagonist', 'Harem-seeking Protagonist', 'Hiding True Identity', 'Lack of Common Sense', 'Magic', 'Male to Female', 'Master-Servant Relationship', 'Monsters', 'Multiple Personalities', 'Perverted Protagonist', 'Possessive Characters', 'Reincarnated in Another World', 'Royalty', 'Sadistic Characters', 'Schemes And Conspiracies', 'Sealed Power', 'Servants', 'Sister Complex', 'Skill Assimilation', 'S*aves', 'Special Abilities', 'Spirit Advisor', 'Sword And Magic', 'Torture', 'Transformation Ability', 'Vampires', 'Wars', 'Weak to Strong']",季愁然,SFACG,No
How Lucky I Am To Meet You,https://www.novelupdates.com/series/how-lucky-i-am-to-meet-you/,5,176.4,277,0,12-13-2020,"['Comedy', 'Drama', 'Romance', 'Slice of Life', 'Yuri']",4,有幸,"['Apathetic Protagonist', 'Autism', 'Awkward Protagonist', 'Beautiful Female Lead', 'Bookworm', 'Calm Protagonist', 'Carefree Protagonist', 'Cautious Protagonist', 'Charismatic Protagonist', 'Charming Protagonist', 'Childhood Friends', 'Childhood Love', 'Clever Protagonist', 'Clumsy Love Interests', 'Cold Love Interests', 'Doctors', 'Doting Love Interests', 'Female Protagonist', 'Flashbacks', 'Genius Protagonist', 'Strong Love Interests', 'Tomboyish Female Lead']",今轲,jjwxc,No
My Wife Pretends to be Poor Everyday,https://www.novelupdates.com/series/my-wife-pretends-to-be-poor-everyday/,6,143,440,1,01-05-2021,"['Comedy', 'Romance', 'Slice of Life', 'Yuri']",3.7,老婆每天都在装穷,"['Beautiful Female Lead', 'Carefree Protagonist', 'Wealthy Characters']",见鲸落,jjwxc,No
What To Do If The System Forces You To Exercise,https://www.novelupdates.com/series/what-to-do-if-the-system-forces-you-to-exercise/,106,57.4,2385,23,12-22-2020,"['Completed', 'Action', 'Comedy', 'Drama', 'Martial Arts', 'Mature', 'Romance', 'Yuri']",4.2,被系统逼着健身怎么办,"['Acting', 'Beautiful Female Lead', 'Carefree Protagonist', 'Celebrities', 'Co-Workers', 'Cold Love Interests', 'Determined Protagonist', 'Devoted Love Interests', 'Doting Love Interests', 'Doting Older Siblings', 'Doting Parents', 'Famous Protagonist', 'Female Protagonist', 'Genius Protagonist', 'Honest Protagonist', 'Love Interest Falls in Love First', 'Modern Day', 'Protagonist Strong from the Start', 'Showbiz', 'Sister Complex', 'Slow Romance', 'Strong to Stronger', 'System Administrator', 'Unconditional Love']",千里日和,jjwxc,Yes
"Big Brother, Please Save Us!",https://www.novelupdates.com/series/big-brother-please-save-us/,12,88.6,590,3,01-08-2021,"['Action', 'Adult', 'Adventure', 'Horror', 'Psychological', 'Supernatural', 'Tragedy', 'Yuri']",3.6,末日重生后我穿进了逃生游戏,"['Alternate World', 'Apocalypse', 'Beautiful Female Lead', 'Betrayal', 'Calm Protagonist', 'Cannibalism', 'Cautious Protagonist', 'Charismatic Protagonist', 'Cold Protagonist', 'Confident Protagonist', 'Cunning Protagonist', 'Dense Protagonist', 'Determined Protagonist', 'Evil Religions', 'Fearless Protagonist', 'Game Elements', 'Love Interest Falls in Love First', 'Low-key Protagonist', 'Murders', 'Overpowered Protagonist', 'Poor Protagonist', 'Proactive Protagonist', 'Protagonist Strong from the Start', 'Saving the World', 'Strong Love Interests', 'Survival Game', 'System Administrator', 'Virtual Reality', 'Zombies']",糜陛,jjwxc,No
Cin Heung: Life is Strange,https://www.novelupdates.com/series/cin-heung-life-is-strange/,33,62.9,274,3,10-24-2020,"['Completed', 'Drama', 'Romance', 'Slice of Life', 'Yuri']",3.6,芊香,"['Beautiful Female Lead', 'Character Growth', 'Co-Workers', 'Couple Growth', 'Enlightenment', 'Hard-Working Protagonist', 'Office Romance', 'Salaryman']",利雅綸,Penana,Yes
Villainess With a Cat Changing System,https://www.novelupdates.com/series/villainess-with-a-cat-changing-system/,26,68.7,1992,17,01-10-2021,"['Comedy', 'Drama', 'Fantasy', 'Romance', 'Yuri']",4.3,恶毒女配有变猫系统后[娱乐圈],"['Acting', 'Animal Characteristics', 'Beautiful Female Lead', 'Business Management', 'Celebrities', 'Character Growth', 'Clingy Lover', 'Confident Protagonist', 'Couple Growth', 'Dense Protagonist', 'Different Social Status', 'Doting Older Siblings', 'Enemies Become Lovers', 'Female Protagonist', 'Game Ranking System', 'Hard-Working Protagonist', 'Hot-blooded Protagonist', 'Jealousy', 'Kind Love Interests', 'Love Interest Falls in Love First', 'Love Rivals', 'Modern Day', 'Money Grubber', 'Past Trauma', 'Persistent Love Interests', 'Pets', 'Phobias', 'Popular Love Interests', 'Selfish Protagonist', 'Straight Uke', 'Transmigration', 'Tsundere', 'Villainess Noble Girls', 'Younger Sisters']",笑蓝,jjwxc,No
Stupid Cup,https://www.novelupdates.com/series/stupid-cup/,0,153.2,376,3,N/A,"['Completed', 'Comedy', 'Romance', 'School Life', 'Yuri']",4,蠢杯子,['Ghosts'],瞳师,jjwxc,Yes
There is a Wall Behind the Shadow,https://www.novelupdates.com/series/there-is-a-wall-behind-the-shadow/,0,903,404,4,11-08-2020,"['Action', 'Adult', 'Adventure', 'Comedy', 'Drama', 'Fantasy', 'Romance', 'Slice of Life', 'Yuri']",4.2,影后有堵墙,"['Acting', 'Apocalypse', 'Beautiful Female Lead', 'Calm Protagonist', 'Famous Protagonist', 'Female Protagonist', 'Late Romance', 'Modern Day', 'Power Couple', 'Protagonist Strong from the Start', 'Showbiz', 'Slow Romance', 'Survival', 'Transmigration']",云惘然,jjwxc,No
"I, Cute Grass, am Super Fierce!",https://www.novelupdates.com/series/i-cute-grass-am-super-fierce/,4,272.8,384,0,05-30-2020,"['Fantasy', 'Slice of Life', 'Supernatural', 'Yuri']",3.7,我，萌草，超凶的！,"['Beautiful Female Lead', 'Dense Protagonist', 'Fated Lovers', 'Female Protagonist', 'Loli', 'Love Interest Falls in Love First', 'Non-humanoid Protagonist', 'Transformation Ability', 'Tsundere', 'Unique Cultivation Technique']",三千痴念,jjwxc,No
"After Being Marked, I Have a Baby",https://www.novelupdates.com/series/after-being-marked-i-have-a-baby/,2,538,464,2,05-21-2020,"['Fantasy', 'Romance', 'Sci-fi', 'Slice of Life', 'Yuri']",3.7,被标记后有娃了,"['Beautiful Female Lead', 'Childcare', 'Cute Children', 'Cute Story', 'Devoted Love Interests', 'Doting Love Interests', 'Generals', 'Heartwarming', 'Hidden Abilities', 'Love Interest Falls in Love First', 'Maids', 'Modern Day', 'Omegaverse', 'Pregnancy', 'Short Story', 'Single Parent', 'Special Abilities', 'Strong Love Interests', 'Transported to Another World', 'Virtual Reality']",笑蓝,jjwxc,No
She Said I Gave Birth to Her Child,https://www.novelupdates.com/series/she-said-i-gave-birth-to-her-child/,4,266.8,352,3,06-03-2020,"['Drama', 'Psychological', 'Romance', 'Yuri']",4.2,我帮学姐生孩子？gl,"['Absent Parents', 'Beautiful Female Lead', 'Caring Protagonist', 'Child Abuse', 'Childcare', 'Complex Family Relationships', 'Devoted Love Interests', 'Female Protagonist', 'First Love', 'Hard-Working Protagonist', 'Helpful Protagonist', 'Modern Day', 'Older Love Interests', 'Past Trauma', 'R*pe', 'Short Story']",色之羊予沁,jjwxc,No
I’m So Unlucky to Know You for Eight Lifetimes!,https://www.novelupdates.com/series/im-so-unlucky-to-know-you-for-eight-lifetimes/,12,77.3,431,2,10-21-2020,"['Completed', 'Comedy', 'Drama', 'Romance', 'Slice of Life', 'Yuri']",3.8,认识你我真是倒了八辈子霉了！,"['Bisexual Protagonist', 'Blind Dates', 'Childhood Friends', 'Female Protagonist', 'Friendship', 'Jealousy', 'Love Interest Falls in Love First', 'Misunderstandings', 'Modern Day', 'Secret Crush']",一首歌的时间,jjwxc,Yes
"Ah, Senior Brother is Actually a Sister!",https://www.novelupdates.com/series/ah-senior-brother-is-actually-a-sister/,7,159.6,1081,3,06-07-2020,"['Comedy', 'Drama', 'Martial Arts', 'Romance', 'Smut', 'Xianxia', 'Yuri']",4.3,原来是师姐啊！,"['Ancient Times', 'Beautiful Female Lead', 'Cold Love Interests', 'Cross-dressing', 'Cultivation', 'Devoted Love Interests', 'Doting Love Interests', 'Fast Cultivation', 'Immortals', 'Love Interest Falls in Love First', 'Misunderstandings', 'Naive Protagonist', 'Persistent Love Interests', 'Strong Love Interests', 'Transmigration', 'Unconditional Love']",失眠七夜,jjwxc,No
Pseudo Teacher x Morbidly Dark Student,https://www.novelupdates.com/series/pseudo-teacher-x-morbidly-dark-student/,0,2000,520,1,N/A,"['Completed', 'Adult', 'Romance', 'Smut', 'Yuri']",3.6,伪师生 病态黑暗年下学生×纯洁善良年上老师 略带sm,"['BDSM', 'First-time Interc**rse', 'Oneshot', 'Possessive Characters', 'R*pe', 'Student-Teacher Relationship', 'Yandere']",不知道不知道,PO18,Yes
Received a Wife From the Civil Affairs Bureau,https://www.novelupdates.com/series/received-a-wife-from-the-civil-affairs-bureau/,54,71,1766,21,06-01-2020,"['Completed', 'Drama', 'Mature', 'Romance', 'Slice of Life', 'Yuri']",4.3,民政局领到了媳妇,"['Beautiful Female Lead', 'Blind Dates', 'Carefree Protagonist', 'Cute Children', 'Devoted Love Interests', 'Female Protagonist', 'First Love', 'Heartwarming', 'Hiding True Identity', 'Love at First Sight', 'Manipulative Characters', 'Marriage', 'Modern Day', 'Pregnancy', 'Protagonist Falls in Love First', 'Slow Romance']",白念君,jjwxc,Yes
"Mistress, I Want It~",https://www.novelupdates.com/series/mistress-i-want-it/,15,75.3,1103,13,06-22-2020,"['Completed', 'Drama', 'Romance', 'Tragedy', 'Xianxia', 'Yuri']",4.2,家主，我想要嘛～,"['Abusive Characters', 'Beautiful Female Lead', 'Betrayal', 'Black Belly', 'Cold Love Interests', 'Cultivation', 'Demonic Cultivation Technique', 'Depictions of Cruelty', 'Protagonist Falls in Love First', 'Protagonist Strong from the Start', 'Reincarnation', 'Ruthless Protagonist', 'Second Chance', 'Shameless Protagonist', 'Short Story', 'Strong Love Interests']",也许陌生了,jjwxc,Yes
My Wandering Spirit Lady,https://www.novelupdates.com/series/my-wandering-spirit-lady/,4,268.5,1145,7,06-27-2020,"['Drama', 'Romance', 'Supernatural', 'Yuri']",4.5,我的游魂小姐,"['Amnesia', 'Calm Protagonist', 'Cautious Protagonist', 'Character Growth', 'Clever Protagonist', 'Couple Growth', 'Dead Protagonist', 'Death', 'Devoted Love Interests', 'Doting Parents', 'Eye Powers', 'Fated Lovers', 'Female Protagonist', 'Ghosts', 'Hell', 'Kind Love Interests', 'Lawyers', 'Loner Protagonist', 'Modern Day', 'Naive Protagonist', 'Reincarnation', 'Souls', 'Special Abilities', 'Spirits']",请君莫笑,jjwxc,No
When I Fell For You,https://www.novelupdates.com/series/when-i-fell-for-you/,1,935,254,3,10-10-2020,"['Drama', 'Romance', 'School Life', 'Yuri']",4.1,当我爱上你,"['Determined Protagonist', 'Devoted Love Interests', 'Love Interest Falls in Love First', 'Misunderstandings', 'Modern Day', 'Short Story', 'Slow Romance']",魅骨,jjwxc,No
Don’t Say You’re Heartless,https://www.novelupdates.com/series/dont-say-youre-heartless/,2,479.5,343,6,09-23-2020,"['Drama', 'Harem', 'Historical', 'Mature', 'Romance', 'Yuri']",4.4,莫道无心,"['Ancient China', 'Beautiful Female Lead', 'Black Belly', 'Bodyguards', 'Schemes And Conspiracies', 'Strong Love Interests', 'Transmigration']",敛舟,jjwxc,No
The Warmhearted You,https://www.novelupdates.com/series/the-warmhearted-you/,21,81.3,1047,8,01-04-2020,"['Completed', 'Romance', 'School Life', 'Slice of Life', 'Yuri']",4.2,温柔的你GL,"['Beautiful Female Lead', 'College/University', 'Devoted Love Interests', 'Heartwarming', 'Modern Day', 'Short Story', 'Younger Love Interests']",讨酒的叫花子,jjwxc,Yes
My Death God Roommate,https://www.novelupdates.com/series/my-death-god-roommate/,0,930,1045,2,N/A,"['Romance', 'Supernatural', 'Yuri']",3.9,我的死神室友,"['Calm Protagonist', 'Death', 'Devoted Love Interests', 'Ghosts', 'Modern Day', 'Reincarnation', 'Special Abilities']",请君莫笑,jjwxc,No
Mary Sue Does Not Stick to the Plot,https://www.novelupdates.com/series/mary-sue-does-not-stick-to-the-plot/,3,399.7,438,2,02-07-2020,"['Comedy', 'Romance', 'Yuri']",4.3,玛丽苏她不走套路,"['Beautiful Female Lead', 'Interdimensional Travel', 'Modern Day', 'Short Story', 'System Administrator']",黎明苏打子,jjwxc,No
Female General And Eldest Princess,https://www.novelupdates.com/series/female-general-and-eldest-princess/,18,80.5,5043,73,01-12-2020,"['Completed', 'Action', 'Drama', 'Martial Arts', 'Romance', 'Yuri']",4.5,女将军和长公主,"['Adapted to Drama CD', 'Adapted to Manhua', 'Adopted Children', 'Ancient China', 'Archery', 'Army', 'Arranged Marriage', 'Beautiful Female Lead', 'Brotherhood', 'Calm Protagonist', 'Caring Protagonist', 'Cautious Protagonist', 'Character Growth', 'Childcare', 'Clever Protagonist', 'Cold Love Interests', 'Cross-dressing', 'Death of Loved Ones', 'Determined Protagonist', 'Devoted Love Interests', 'Fated Lovers', 'Friendship', 'Generals', 'Gore', 'Hard-Working Protagonist', 'Harsh Training', 'Hiding True Identity', 'Leadership', 'Loyal Subordinates', 'Marriage', 'Military', 'Misunderstandings', 'Persistent Love Interests', 'Politics', 'Power Couple', 'Power Struggle', 'Protagonist Falls in Love First', 'Royalty', 'Schemes And Conspiracies', 'Selfless Protagonist', 'Slow Romance', 'Smart Couple', 'Soldiers', 'Strategic Battles', 'Strong to Stronger', 'Time Skip', 'Unconditional Love', 'Unrequited Love', 'Wars']",请君莫笑,jjwxc,Yes
"Marry First, Love Later",https://www.novelupdates.com/series/marry-first-love-later/,15,78.9,1513,14,02-15-2020,"['Completed', 'Romance', 'Slice of Life', 'Yuri']",4.1,先婚后爱,"['Beautiful Female Lead', 'Blind Dates', 'Cute Story', 'Devoted Love Interests', 'Doting Love Interests', 'Famous Protagonist', 'First Love', 'Heartwarming', 'Marriage', 'Modern Day', 'Older Love Interests', 'Short Story']",九千胜,jjwxc,Yes
This Generation’s Genius,https://www.novelupdates.com/series/this-generations-genius/,0,2000,205,1,N/A,"['Completed', 'Psychological', 'Yuri']",3.2,一代呱颜倾城色,"['Female Protagonist', 'Masochistic Characters', 'Oneshot', 'Sadistic Characters']",梦.千航,jjwxc,Yes
Transformed into a Gorgeous Beauty,https://www.novelupdates.com/series/transformed-into-a-gorgeous-beauty/,2,577.5,448,1,03-15-2020,"['Gender Bender', 'Harem', 'Mecha', 'School Life', 'Sci-fi', 'Slice of Life', 'Yuri']",3,变身倾城美女,"['Female Protagonist', 'Hiding True Abilities', 'Hiding True Identity', 'Male to Female', 'Multiple Personalities', 'Netorare']",❤Sweet灬Dream❤,SFACG,No
Scheming Villainess’s Counterattack?,https://www.novelupdates.com/series/scheming-villainesss-counterattack/,9,138.2,951,5,03-04-2020,"['Completed', 'Comedy', 'Romance', 'School Life', 'Slice of Life', 'Yuri']",3.9,心机女配的逆袭？,"['Beautiful Female Lead', 'Black Belly', 'Dense Protagonist', 'Doting Love Interests', 'Female Protagonist', 'Heartwarming', 'Love Interest Falls in Love First', 'Misunderstandings', 'Modern Day', 'Naive Protagonist', 'Second Chance', 'Short Story', 'Tsundere', 'Villainess Noble Girls']",['Pander'],jjwxc,Yes
"Stranded on a Deserted Island, What to Do?",https://www.novelupdates.com/series/stranded-on-a-deserted-island-what-to-do/,3,363.3,454,2,05-13-2020,"['Adventure', 'Fantasy', 'Romance', 'Shoujo Ai', 'Yuri']",4.6,流落荒岛怎么办？,"['Aristocracy', 'Devoted Love Interests', 'Different Social Status', 'Guideverse', 'Loyal Subordinates', 'Pregnancy', 'Strong Love Interests', 'Survival', 'Tsundere']",柳碎夜,jjwxc,No
The Guide to the Peak of Quick Transmigration,https://www.novelupdates.com/series/the-guide-to-the-peak-of-quick-transmigration/,30,76.6,610,3,04-26-2020,"['Adventure', 'Fantasy', 'Romance', 'Supernatural', 'Yuri']",3.6,快穿之绝顶攻略,"['Appearance Different from Actual Age', 'Beautiful Female Lead', 'Devoted Love Interests', 'Female Protagonist', 'Love Interest Falls in Love First', 'Omegaverse', 'System Administrator', 'World Hopping']",葬心未亡人,jjwxc,No
Forced to Become The CEO,https://www.novelupdates.com/series/forced-to-become-the-ceo/,3,364,378,2,05-17-2020,"['Drama', 'Romance', 'Yuri']",4.1,被迫出任CEO[娱乐圈],"['Acting', 'Beautiful Female Lead', 'Body Swap', 'Celebrities', 'Cold Love Interests', 'Contracts', 'Doting Love Interests', 'Female Protagonist', 'Love Interest Falls in Love First', 'Marriage of Convenience', 'Modern Day', 'Wealthy Characters', 'Younger Brothers']",盛郸,jjwxc,No
Clear and Muddy Loss of Love,https://www.novelupdates.com/series/clear-and-muddy-loss-of-love/,33,72.8,3437,63,05-14-2020,"['Completed', 'Drama', 'Martial Arts', 'Romance', 'Yuri']",4.6,泾渭情殇,"['Adapted to Drama CD', 'Adopted Children', 'Ancient China', 'Arranged Marriage', 'Beautiful Female Lead', 'Calm Protagonist', 'Character Growth', 'Childcare', 'Clever Protagonist', 'Conflicting Loyalties', 'Cross-dressing', 'Cunning Protagonist', 'Death of Loved Ones', 'Devoted Love Interests', 'Enemies Become Lovers', 'Kind Love Interests', 'Marriage', 'Misunderstandings', 'Persistent Love Interests', 'Polite Protagonist', 'Politics', 'Revenge', 'Royalty', 'Ruthless Protagonist', 'Schemes And Conspiracies', 'Slow Romance', 'Strong to Stronger', 'Unconditional Love', 'Wars', 'Younger Sisters']",请君莫笑,jjwxc,Yes
Childhood Sweethearts (Ye Se),https://www.novelupdates.com/series/childhood-sweethearts/,2,542.5,355,1,05-10-2020,"['Comedy', 'School Life', 'Slice of Life', 'Yuri']",3.8,青梅竹马(GL),"['Character Growth', 'Childhood Friends', 'Childhood Love', 'Devoted Love Interests', 'Slow Romance']",叶涩,jjwxc,No
Living in the Last Days,https://www.novelupdates.com/series/living-in-the-last-days/,22,90,668,4,01-02-2020,"['Drama', 'Romance', 'Supernatural', 'Yuri']",4,末世之活着,"['Apocalypse', 'Beautiful Female Lead', 'Devoted Love Interests', 'Doting Love Interests', 'Love Interest Falls in Love First', 'Modern Day', 'Revenge', 'Second Chance', 'Strong Love Interests', 'Zombies']",满城时光,jjwxc,No
Next Door There’s Memeda,https://www.novelupdates.com/series/next-door-theres-memeda/,0,1220,646,5,N/A,"['Completed', 'Comedy', 'Romance', 'Yuri']",4.3,隔壁有个么么哒,"['Beautiful Female Lead', 'Chat Rooms', 'Child Abuse', 'Dense Protagonist', 'Devoted Love Interests', 'Famous Protagonist', 'Heartwarming', 'Modern Day', 'Roommates', 'Short Story', 'Voice Actors', 'Writers']",瞳师,jjwxc,Yes
This Princess Punishes Your Nine Generations,https://www.novelupdates.com/series/this-princess-punishes-your-nine-generations/,0,1274,638,7,N/A,"['Completed', 'Comedy', 'Fantasy', 'Historical', 'Romance', 'Yuri']",3.9,本宫诛你九族,"['Ancient China', 'Beautiful Female Lead', 'Cross-dressing', 'Cute Story', 'Devoted Love Interests', 'Doting Love Interests', 'Familial Love', 'Heartwarming', 'Military', 'Nobles', 'Politics', 'Royalty', 'Short Story', 'Strong Love Interests']",凤崎舞,jjwxc,Yes
"Female Lead, Please Let Go of the White Moonlight",https://www.novelupdates.com/series/female-lead-please-let-go-of-the-white-moonlight/,4,316.5,712,5,12-21-2019,"['Adventure', 'Comedy', 'Fantasy', 'Historical', 'Romance', 'School Life', 'Yuri']",4.1,女主，请放过白月光[快穿],"['Ancient China', 'Beautiful Female Lead', 'Doting Love Interests', 'Episodic', 'Female Protagonist', 'Interdimensional Travel', 'Love Interest Falls in Love First', 'Modern Day', 'Multiple Realms', 'Possessive Characters', 'Strong Love Interests', 'System Administrator', 'Transmigration', 'World Hopping', 'Yandere']",木子箐,jjwxc,No
Why Do Yandere Girls Like To Find Me?,https://www.novelupdates.com/series/why-do-yandere-girls-like-to-find-me/,9,249.1,709,1,04-27-2019,"['Harem', 'Romance', 'School Life', 'Yuri']",3.9,为什么病娇妹纸都找我,"['Abusive Characters', 'Possessive Characters', 'Reincarnation', 'Yandere']",朦胧春月,SFACG,No
Who Moved My Ashes,https://www.novelupdates.com/series/who-moved-my-ashes/,0,83.7,1946,23,N/A,"['Comedy', 'Drama', 'Romance', 'Shoujo Ai', 'Slice of Life', 'Yuri']",4.6,谁动了我的骨灰坛[重生],"['Beautiful Female Lead', 'Business Management', 'Death', 'Death of Loved Ones', 'Devoted Love Interests', 'Doting Love Interests', 'Female Protagonist', 'First Love', 'Ghosts', 'Heartwarming', 'Love Interest Falls in Love First', 'Modern Day', 'Second Chance', 'Secrets', 'Short Story', 'Unconditional Love']",思镜渠,jjwxc,No
The General’s Manor Young Concubine Survival Report,https://www.novelupdates.com/series/the-generals-manor-young-concubine-survival-report/,14,117.9,2636,23,07-23-2019,"['Completed', 'Comedy', 'Historical', 'Romance', 'Yuri']",4.2,将军府小妾生存报告,"['Ancient China', 'Beautiful Female Lead', 'Cold Love Interests', 'Cute Protagonist', 'Doting Love Interests', 'Doting Older Siblings', 'Doting Parents', 'Generals', 'Heartwarming', 'Honest Protagonist', 'Lack of Common Sense', 'Military', 'Misunderstandings', 'Naive Protagonist', 'Politics', 'Protagonist Falls in Love First', 'Shameless Protagonist', 'Short Story', 'Strong Love Interests', 'Transmigration', 'Villainess Noble Girls']",风的铃铛,jjwxc,Yes
Quick Transmigration: Fate Trading System,https://www.novelupdates.com/series/quick-transmigration-fate-trading-system/,83,51.1,2455,11,06-18-2019,"['Action', 'Adventure', 'Drama', 'Fantasy', 'Historical', 'Romance', 'Supernatural', 'Yuri']",4,快穿之命运交易系统,"['Ancient Times', 'Assassins', 'Beautiful Female Lead', 'Calm Protagonist', 'Cold Love Interests', 'Dense Protagonist', 'Devoted Love Interests', 'Interdimensional Travel', 'Love Interest Falls in Love First', 'Multiple Realms', 'Royalty', 'Strong Love Interests', 'System Administrator', 'Unconditional Love', 'World Hopping', 'Yandere']",小吾君,jjwxc,No
"Don’t Be Jealous, I Will Bend Myself",https://www.novelupdates.com/series/dont-be-jealous-i-will-bend-myself/,0,1309,2000,19,N/A,"['Adventure', 'Comedy', 'Romance', 'Yuri']",4.3,别掰，我自己会弯gl,"['Ancient China', 'Beautiful Female Lead', 'Childhood Friends', 'Childhood Love', 'Devoted Love Interests', 'Doting Love Interests', 'Episodic', 'Interdimensional Travel', 'Naive Protagonist', 'Possessive Characters', 'Shameless Protagonist', 'Strong Love Interests', 'System Administrator', 'Transmigration', 'World Hopping', 'Writers', 'Yandere']",兮木萧萧,jjwxc,No
Facing You,https://www.novelupdates.com/series/facing-you/,0,1706,434,3,N/A,"['Completed', 'Romance', 'Yuri']",4,在你面前,"['Abusive Characters', 'Child Abuse', 'Doctors', 'Manipulative Characters', 'Modern Day', 'Short Story', 'Yandere']",九数,Yamibo,Yes
Beauty Manufacturing System,https://www.novelupdates.com/series/beauty-manufacturing-system/,3,451,422,0,12-23-2019,"['Adventure', 'Romance', 'School Life', 'Yuri']",3.7,快穿之美人制造系统,"['Beautiful Female Lead', 'Interdimensional Travel', 'Modern Day', 'System Administrator', 'Transmigration', 'World Hopping']",沾花公子,jjwxc,No
Transformed into the DC World,https://www.novelupdates.com/series/transformed-into-the-dc-world/,3,552.7,350,0,10-16-2018,"['Action', 'Adventure', 'Comedy', 'Fantasy', 'Gender Bender', 'Martial Arts', 'Supernatural', 'Yuri']",2.9,变身在DC世界,"['Fanfiction', 'Fantasy World', 'Magic', 'Male to Female', 'Transmigration', 'Transported to Another World']",想静静的顿河,Qidian,No
Niu Fei Zai Xia,https://www.novelupdates.com/series/niu-fei-zai-xia/,3,635,540,2,01-29-2019,"['Action', 'Comedy', 'Fantasy', 'Gender Bender', 'Harem', 'Historical', 'Martial Arts', 'Xuanhuan', 'Yuri']",3.9,妞非在下,"['Male to Female', 'Shameless Protagonist', 'Transmigration']",月下小羊,Qidian,No
As an Otaku Me Met a Yandere Her,https://www.novelupdates.com/series/as-an-otaku-me-met-a-yandere-her/,11,171.9,649,3,12-28-2018,"['Completed', 'Comedy', 'Ecchi', 'Yuri']",3.2,身为宅女的我遇到病娇的她,"['BDSM', 'Possessive Characters', 'R*pe', 'Short Story', 'Yandere']",挚爱喀秋莎得小朦胧,SFACG,Yes
Didn’t Know General Was Female,https://www.novelupdates.com/series/didnt-know-general-was-female/,2,804,2263,16,12-12-2018,"['Comedy', 'Fantasy', 'Romance', 'Yuri']",4.3,不知将军是女郎[重生],"['Ancient China', 'Cross-dressing', 'Cute Protagonist', 'Cute Story', 'Devoted Love Interests', 'Doting Love Interests', 'Generals', 'Heartwarming', 'Love Interest Falls in Love First', 'Politics', 'Reincarnation', 'Second Chance', 'Strong Love Interests', 'Time Skip', 'Unconditional Love']",不谢梅,jjwxc,No
